stock_ID,date,shrout_adj_factor,price,return_incl_divs,shrout,return_ex_divs,market_return,MktRF,SMB,HML,RF,MOM
10000,31jan1986,,4.375,,3680,,.00982942,.0065,.012,.0053,.0056,.0296
10000,28feb1986,,3.25,-.257142872,3680,-.257142872,.07250004,.0713,-.0064,-.0088,.0053,.0277
10000,31mar1986,,4.4375,.365384609,3680,.365384609,.05388493,.0488,-.0051,-.0051,.006,.0245
10000,30apr1986,,4,-.098591551,3793,-.098591551,-.00789997,-.0131,.0283,-.029,.0052,-.005
10000,30may1986,,3.109375,-.22265625,3793,-.22265625,.05084357,.0462,-.0131,-.0012,.0049,.0202
10000,30jun1986,,3.09375,-.005025126,3793,-.005025126,.01424553,.0103,-.0093,.0139,.0052,.0514
10000,31jul1986,,2.84375,-.080808081,3793,-.080808081,-.05970048,-.0645,-.0337,.0476,.0052,.018
10000,29aug1986,,1.09375,-.615384638,3793,-.615384638,.06618101,.0607,-.0417,.0352,.0046,-.0502
10000,30sep1986,,1.03125,-.057142857,3793,-.057142857,-.07902107,-.086,.0228,.032,.0045,-.0586
10000,31oct1986,,.78125,-.24242425,3843,-.24242425,.04930313,.0466,-.0256,-.0144,.0046,.027
10000,28nov1986,,.828125,.059999999,3843,.059999999,.01509289,.0117,-.0198,-.0009,.0039,-.0033
10000,31dec1986,,.515625,-.377358496,3843,-.377358496,-.02638821,-.0327,.0008,.0031,.0049,.004
10000,30jan1987,,.40625,-.212121218,3893,-.212121218,.1284963,.1247,-.0179,-.0321,.0042,.0208
10000,27feb1987,,.40625,0,3893,0,.04791798,.0439,.0346,-.0596,.0043,-.0217
10000,31mar1987,,.25,-.384615391,3893,-.384615391,.02366442,.0164,.004,.0159,.0047,.016
10000,30apr1987,,.234375,-.0625,3893,-.0625,-.01700054,-.0211,-.017,-.0032,.0044,.0025
10000,29may1987,,.21875,-.06666667,3893,-.06666667,.00512465,.0011,-.0055,.0016,.0038,-.0068
10000,30jun1987,,,,3893,,.04366169,.0394,-.0217,.0106,.0048,-.002
10001,31jan1986,,6.125,,985,,.00982942,.0065,.012,.0053,.0056,.0296
10001,28feb1986,,6.25,.020408163,985,.020408163,.07250004,.0713,-.0064,-.0088,.0053,.0277
10001,31mar1986,,6.3125,.025200004,985,.01,.05388493,.0488,-.0051,-.0051,.006,.0245
10001,30apr1986,,6.375,.00990099,985,.00990099,-.00789997,-.0131,.0283,-.029,.0052,-.005
10001,30may1986,,6.3125,-.009803922,985,-.009803922,.05084357,.0462,-.0131,-.0012,.0049,.0202
10001,30jun1986,,6.125,-.013069307,985,-.029702971,.01424553,.0103,-.0093,.0139,.0052,.0514
10001,31jul1986,,6.0625,-.010204081,985,-.010204081,-.05970048,-.0645,-.0337,.0476,.0052,.018
10001,29aug1986,,6.5,.072164945,985,.072164945,.06618101,.0607,-.0417,.0352,.0046,-.0502
10001,30sep1986,,6.375,-.003076924,991,-.01923077,-.07902107,-.086,.0228,.032,.0045,-.0586
10001,31oct1986,,6.625,.039215688,991,.039215688,.04930313,.0466,-.0256,-.0144,.0046,.027
10001,28nov1986,,7,.056603774,991,.056603774,.01509289,.0117,-.0198,-.0009,.0039,-.0033
10001,31dec1986,,7,.015,991,0,-.02638821,-.0327,.0008,.0031,.0049,.004
10001,30jan1987,,6.75,-.035714287,991,-.035714287,.1284963,.1247,-.0179,-.0321,.0042,.0208
10001,27feb1987,,6.25,-.074074075,991,-.074074075,.04791798,.0439,.0346,-.0596,.0043,-.0217
10001,31mar1987,,6.375,.036800001,991,.02,.02366442,.0164,.004,.0159,.0047,.016
10001,30apr1987,,6.125,-.039215688,991,-.039215688,-.01700054,-.0211,-.017,-.0032,.0044,.0025
10001,29may1987,,5.6875,-.071428575,991,-.071428575,.00512465,.0011,-.0055,.0016,.0038,-.0068
10001,30jun1987,,5.875,.051428571,991,.032967035,.04366169,.0394,-.0217,.0106,.0048,-.002
10001,31jul1987,,6,.021276595,991,.021276595,.04424779,.0385,-.0063,.0071,.0046,.0268
10001,31aug1987,,6.5,.083333336,991,.083333336,.03714636,.0352,-.0075,-.0091,.0047,-.0089
10001,30sep1987,,6.25,-.022307692,992,-.03846154,-.02077383,-.0259,.0054,.0028,.0045,.0072
10001,30oct1987,,6.375,.02,992,.02,-.225363,-.2324,-.084,.042,.006,-.0787
10001,30nov1987,,6.1875,-.029411765,992,-.029411765,-.07227264,-.0777,.0264,.0323,.0035,-.0113
10001,31dec1987,,5.875,-.033535354,992,-.05050505,.07032661,.0681,.0015,-.0443,.0039,.0581
10001,29jan1988,,6.25,.063829787,992,.063829787,.04488041,.0421,-.0069,.0516,.0029,-.0763
10001,29feb1988,,6.75,.079999998,992,.079999998,.05169475,.0475,.0335,-.0164,.0046,-.0154
10001,31mar1988,,6.125,-.0762963,992,-.09259259,-.01659759,-.0227,.0615,.0074,.0044,.0064
10001,29apr1988,,6.3125,.030612245,992,.030612245,.01099083,.0056,.0096,.017,.0046,.0228
10001,31may1988,,6.4375,.01980198,992,.01980198,.00044779,-.0029,-.0265,.0228,.0051,.0065
10001,30jun1988,,6.25,-.012038835,992,-.029126214,.05145973,.0479,.021,-.0112,.0049,-.0292
10001,29jul1988,,6.4375,.029999999,992,.029999999,-.00727196,-.0125,-.0019,.0226,.0051,.0064
10001,31aug1988,,6.625,.029126214,992,.029126214,-.02800588,-.0331,.0009,.0208,.0059,.0033
10001,30sep1988,,6.375,-.021132076,998,-.03773585,.03720234,.033,-.0127,-.0067,.0062,.0024
10001,31oct1988,,6.625,.039215688,998,.039215688,.01763662,.0115,-.029,.0167,.0061,.0131
10001,30nov1988,,6.625,0,998,0,-.01641204,-.0229,-.0172,.0127,.0057,.0042
10001,30dec1988,,6.375,-.021132076,998,-.03773585,.02107465,.0149,.0194,-.0154,.0063,.0042
10001,31jan1989,,6.5,.019607844,998,.019607844,.06610259,.061,-.0213,.0053,.0055,-.0014
10001,28feb1989,,6.75,.03846154,998,.03846154,-.01644639,-.0225,.0277,.0086,.0061,.0093
10001,31mar1989,,6.75,.017777778,998,0,.02146523,.0157,.0073,.0048,.0067,.0356
10001,28apr1989,,7.25,.074074075,998,.074074075,.04820446,.0433,-.006,-.0145,.0067,.017
10001,31may1989,,7,-.034482758,998,-.034482758,.03933809,.0335,-.0004,-.0084,.0079,.0155
10001,30jun1989,,7,.017142856,1001,0,-.00486614,-.0135,-.0101,.0217,.0071,.0066
10001,31jul1989,,7.25,.035714287,1001,.035714287,.07713073,.072,-.0402,-.0281,.007,.054
10001,31aug1989,,9.25,.275862068,1001,.275862068,.0221267,.0144,.0053,.0065,.0074,-.0014
10001,29sep1989,,8.875,-.027027028,1019,-.040540539,-.00147436,-.0076,.003,-.0134,.0065,.0339
10001,31oct1989,,9.5,.070422538,1019,.070422538,-.02928132,-.0367,-.0326,-.0109,.0068,.0137
10001,30nov1989,,9.875,.039473683,1019,.039473683,.0178154,.0103,-.0122,-.0108,.0069,.0257
10001,29dec1989,,10.125,.037974682,1022,.025316456,.01829512,.0116,-.0238,.0024,.0061,.0278
10001,31jan1990,,9.9375,-.018518519,1022,-.018518519,-.07011517,-.0785,-.013,.0089,.0057,-.0332
10001,28feb1990,,9.875,-.006289308,1022,-.006289308,.01490096,.0111,.0105,.0063,.0057,-.0052
10001,30mar1990,,9.875,.012658228,1027,0,.02414006,.0183,.0148,-.0286,.0064,.0166
10001,30apr1990,,9.875,0,1027,0,-.02828588,-.0336,-.005,-.0258,.0069,.0246
10001,31may1990,,9.75,-.012658228,1027,-.012658228,.0889361,.0842,-.0256,-.0374,.0068,.0305
10001,29jun1990,,9.75,.014102564,1031,0,-.00419626,-.0109,.0145,-.0201,.0063,.0242
10001,31jul1990,,10,.025641026,1031,.025641026,-.00940477,-.019,-.032,-.0001,.0068,.0593
10001,31aug1990,,9.5,-.050000001,1031,-.050000001,-.09189577,-.1014,-.0359,.016,.0066,.018
10001,28sep1990,,9.75,.040789474,1044,.02631579,-.05384322,-.0612,-.0367,.0074,.006,.0552
10001,31oct1990,,9.625,-.012820513,1044,-.012820513,-.01250398,-.0192,-.0554,.0025,.0068,.0673
10001,30nov1990,,9.625,0,1044,0,.06574359,.0635,.0033,-.0307,.0057,-.0561
10001,31dec1990,,9.5,.001298702,1054,-.012987013,.02951265,.0246,.0082,-.0155,.006,.0015
10001,31jan1991,,9.625,.013157895,1054,.013157895,.04907785,.0469,.038,-.0184,.0052,-.0652
10001,28feb1991,,9.75,.012987013,1054,.012987013,.07584678,.0719,.0391,-.006,.0048,-.0482
10001,28mar1991,,9.5,-.011538461,1054,-.025641026,.02892273,.0265,.039,-.012,.0044,.0281
10001,30apr1991,,9.875,.039473683,1054,.039473683,.00332213,-.0028,.0051,.014,.0053,-.0239
10001,31may1991,,9.875,0,1054,0,.04073162,.0364,-.0034,-.0055,.0047,-.0011
10001,28jun1991,,10.5,.078481011,1073,.06329114,-.04402925,-.0494,.0006,.0119,.0042,.0046
10001,31jul1991,,10.125,-.035714287,1073,-.035714287,.04679512,.0424,-.0094,-.0129,.0049,.0432
10001,30aug1991,,11.5,.135802463,1073,.135802463,.02681936,.0232,.016,-.008,.0046,.016
10001,30sep1991,,11.5,.013043479,1073,0,-.01097486,-.0159,.0163,-.01,.0046,.0173
10001,31oct1991,,13,.130434781,1073,.130434781,.01778866,.0128,.0089,-.0048,.0042,.0319
10001,29nov1991,,14.75,.134615391,1073,.134615391,-.03727527,-.0419,-.0048,-.0192,.0039,.0126
10001,31dec1991,,14.5,-.00677966,1075,-.016949153,.1067783,.1083,-.0225,-.0404,.0038,.0829
10001,31jan1992,,13.75,-.05172414,1075,-.05172414,-.00118234,-.0059,.0846,.0453,.0034,-.0247
10001,28feb1992,,11,-.200000003,1075,-.200000003,.01335434,.0109,.0088,.0638,.0028,-.0061
10001,31mar1992,,11.75,.081818186,1075,.06818182,-.02369961,-.0265,-.0102,.0367,.0034,-.0035
10001,30apr1992,,11.875,.010638298,1075,.010638298,.01341884,.0108,-.061,.0432,.0032,-.026
10001,29may1992,,12,.010526316,1075,.010526316,.00643855,.003,.0039,.0125,.0028,.001
10001,30jun1992,,11.75,-.007708333,1075,-.020833334,-.01928691,-.0234,-.031,.0339,.0032,-.006
10001,31jul1992,,12.5,.063829787,1075,.063829787,.03989998,.0377,-.0043,-.0053,.0031,.0143
10001,31aug1992,,13,.039999999,1075,.039999999,-.02081965,-.0238,-.0011,-.0105,.0026,-.0052
10001,30sep1992,,15,.165961534,1075,.15384616,.01244722,.0119,.0055,-.0024,.0026,.0144
10001,30oct1992,,14.625,-.025,1075,-.025,.01098552,.0102,.0205,-.0209,.0023,.0273
10001,30nov1992,,14.375,-.017094018,1075,-.017094018,.04019304,.0413,.037,-.0147,.0023,-.0034
10001,31dec1992,,14,-.015130435,1080,-.026086956,.01776835,.0153,.0165,.0252,.0028,.0447
10001,29jan1993,,14,0,1080,0,.01264339,.0093,.0205,.0589,.0023,.0482
10001,26feb1993,,14.25,.017857144,1080,.017857144,.00540228,.0013,-.0343,.0645,.0022,.0313
10001,31mar1993,,14.25,.011052632,1075,0,.0251157,.023,.0025,.0127,.0025,.0374
10001,30apr1993,,15.25,.070175439,1075,.070175439,-.02540042,-.0305,-.0068,.0264,.0024,.0034
10001,28may1993,,15.125,-.008196721,1075,-.008196721,.02959811,.0288,.0196,-.0342,.0022,.0029
10001,30jun1993,,16.5,.102479339,1090,.090909094,.00544002,.0031,-.003,.0262,.0025,.0459
10001,30jul1993,,16.375,-.007575758,1090,-.007575758,-.00079493,-.0034,.0095,.0326,.0024,.0324
10001,31aug1993,,15.875,-.030534351,1090,-.030534351,.03947853,.0372,.0032,-.0044,.0025,.0258
10001,30sep1993,,16.75,.066141732,1091,.05511811,.00064068,-.0012,.0312,-.0048,.0026,.034
10001,29oct1993,,17.25,.029850746,1091,.029850746,.01806427,.0141,.0144,-.0156,.0022,-.0267
10001,30nov1993,,17,-.014492754,1091,-.014492754,-.01760636,-.0189,-.0143,-.0026,.0025,-.0471
10001,31dec1993,,18.375,.091176473,1091,.080882356,.01951273,.0165,.0122,.0058,.0023,.0229
10001,31jan1994,,17.5,-.047619049,1091,-.047619049,.03146612,.0287,.0013,.0209,.0025,.0001
10001,28feb1994,,17.5,0,1091,0,-.02422384,-.0256,.0272,-.0141,.0021,-.0026
10001,31mar1994,,17.25,-.004285715,1091,-.014285714,-.04579477,-.0478,-.0097,.0133,.0027,-.0132
10001,29apr1994,,14.75,-.144927531,1091,-.144927531,.00947768,.0068,-.0092,.0168,.0027,.0041
10001,31may1994,,15.75,.06779661,1091,.06779661,.00936021,.0058,-.0202,.0017,.0031,-.0216
10001,30jun1994,,8.625,.107301585,2191,.095238097,-.02790869,-.0303,-.0048,.0168,.0031,-.0083
10001,30jun1994,1,8.625,.107301585,2191,.095238097,-.02790869,-.0303,-.0048,.0168,.0031,-.0083
10001,29jul1994,,9.25,.072463766,2191,.072463766,.03063324,.0282,-.0177,.0097,.0028,.0019
10001,31aug1994,,9,-.027027028,2191,-.027027028,.04259737,.0401,.0144,-.0345,.0037,.0154
10001,30sep1994,,9.25,.038333334,2211,.027777778,-.01836315,-.0231,.0267,-.0181,.0037,.0131
10001,31oct1994,,8.75,-.054054055,2211,-.054054055,.01451999,.0134,-.022,-.0236,.0038,.0145
10001,30nov1994,,8.375,-.042857144,2211,-.042857144,-.03721879,-.0404,-.0017,-.0005,.0037,-.0019
10001,30dec1994,,8,-.033432838,2224,-.044776119,.01260929,.0086,.0005,.0027,.0044,.035
10001,31jan1995,,7.75,-.03125,2224,-.03125,.02039867,.018,-.0295,.0164,.0042,-.0183
10001,28feb1995,,7.546875,-.026209677,2224,-.026209677,.03961472,.0363,-.0033,.0038,.004,-.0034
10001,31mar1995,,7.5,.006376811,2244,-.00621118,.02704092,.0218,-.0038,-.0205,.0046,.0036
10001,28apr1995,,7.5,0,2244,0,.02504808,.0211,-.0042,.017,.0044,.0182
10001,31may1995,,7.875,.050000001,2244,.050000001,.03400705,.029,-.0225,.0192,.0054,-.0044
10001,30jun1995,,8.25,.06031746,2254,.047619049,.03117293,.0272,.0306,-.0299,.0047,.0289
10001,31jul1995,,8.25,0,2254,0,.04078258,.0372,.0223,-.0224,.0045,.0255
10001,31aug1995,,8,-.030303031,2254,-.030303031,.00930454,.0055,.0183,.0193,.0047,.0009
10001,29sep1995,,8.25,.043749999,2280,.03125,.03636223,.0335,-.0207,-.0095,.0043,.0272
10001,31oct1995,,8,-.030303031,2280,-.030303031,-.01131678,-.0152,-.0395,-.0009,.0047,.0414
10001,30nov1995,,8.75,.09375,2280,.09375,.04270792,.0395,-.0083,.0034,.0042,-.0062
10001,29dec1995,,9.375,.082857139,2281,.071428575,.01519028,.0103,.0037,.0141,.0049,.0257
10001,31jan1996,,9.125,-.026666667,2281,-.026666667,.02814397,.0226,-.0248,.004,.0043,.0056
10001,29feb1996,,9.25,.01369863,2281,.01369863,.01631002,.0133,.0206,-.0233,.0039,.0058
10001,29mar1996,,9.484375,.036148649,2309,.025337838,.01092697,.0073,.0131,.0127,.0039,-.0189
10001,30apr1996,,8.8125,-.070840195,2309,-.070840195,.02551078,.0206,.0487,-.0402,.0046,-.0092
10001,31may1996,,8.625,-.021276595,2309,-.021276595,.0268002,.0236,.0316,-.014,.0042,.0159
10001,28jun1996,,8,-.060289856,2321,-.072463766,-.00829795,-.0114,-.0364,.0192,.004,.01
10001,31jul1996,,8.1875,.0234375,2321,.0234375,-.0538185,-.0597,-.0358,.0437,.0045,-.0012
10001,30aug1996,,8.5,.038167939,2321,.038167939,.03246336,.0276,.0229,-.006,.0041,0
10001,30sep1996,,8.75,.041764706,2346,.029411765,.05303457,.0502,-.008,-.0377,.0044,.0271
10001,31oct1996,,8.5,-.028571429,2346,-.028571429,.01373917,.0086,-.0411,.048,.0042,.039
10001,29nov1996,,8.75,.029411765,2346,.029411765,.06556856,.0625,-.0359,.0016,.0041,-.0224
10001,31dec1996,,8.125,-.059428573,2357,-.071428575,-.01138822,-.017,.0308,.0101,.0046,.0057
10001,31jan1997,,8.625,.061538462,2357,.061538462,.05347287,.0499,-.0152,-.0233,.0045,.0195
10001,28feb1997,,8.625,0,2357,0,-.00112238,-.0049,-.026,.0468,.0039,-.0203
10001,31mar1997,,8.625,.012173912,2357,0,-.04486756,-.0503,-.0033,.0386,.0043,.0094
10001,30apr1997,,8.625,0,2357,0,.04237316,.0404,-.052,-.0103,.0043,.049
10001,30may1997,,8.625,0,2357,0,.07162357,.0674,.0483,-.0437,.0049,-.0517
10001,30jun1997,,8.25,-.030724637,2357,-.043478262,.04409472,.041,.0149,.0075,.0037,.0262
10001,31jul1997,,8.625,.045454547,2357,.045454547,.0765142,.0733,-.0251,-.0013,.0043,.0383
10001,29aug1997,,8.75,.014492754,2357,.014492754,-.03629041,-.0415,.0734,.0136,.0041,-.0251
10001,30sep1997,,8.875,.026857143,2378,.014285714,.05849854,.0535,.0268,-.0023,.0044,.0145
10001,31oct1997,,8.875,0,2378,0,-.03443615,-.038,-.0079,.0218,.0042,-.004
10001,28nov1997,,8.75,-.014084507,2378,-.014084507,.03040374,.0298,-.0506,.0098,.0039,.0029
10001,31dec1997,,9,.041142859,2395,.028571429,.01781677,.0132,-.024,.038,.0048,.0387
10001,30jan1998,,9,0,2395,0,.00450245,.0015,-.0092,-.0203,.0043,.0008
10001,27feb1998,,8.9375,-.006944444,2395,-.006944444,.07330266,.0703,.0033,-.0088,.0039,-.011
10001,31mar1998,,8.75,-.008671328,2401,-.020979021,.05130106,.0476,-.01,.0125,.0039,.0214
10001,30apr1998,,8.8125,.007142857,2401,.007142857,.010903,.0073,.0048,.0032,.0043,.0078
10001,29may1998,,8.6875,-.014184397,2401,-.014184397,-.02574788,-.0307,-.0354,.0411,.004,.0187
10001,30jun1998,,8.625,.006043166,2403,-.007194245,.03194099,.0318,-.0314,-.022,.0041,.0727
10001,31jul1998,,8.75,.014492754,2403,.014492754,-.02336717,-.0246,-.0492,-.0116,.004,.0369
10001,31aug1998,,8.75,0,2403,0,-.1578391,-.1608,-.0575,.0522,.0043,.019
10001,30sep1998,,9.25,.070285715,2407,.057142857,.06382662,.0615,-.0017,-.0388,.0046,-.0071
10001,30oct1998,,9.25,0,2407,0,.07439252,.0713,-.0319,-.0275,.0032,-.0536
10001,30nov1998,,9.4375,.020270269,2407,.020270269,.06202361,.061,.0114,-.0344,.0031,.0117
10001,31dec1998,,9.625,.032052979,2421,.019867551,.0630511,.0616,-.003,-.047,.0038,.0904
10001,29jan1999,,9.625,0,2421,0,.03845571,.035,.0086,-.0556,.0035,.0302
10001,26feb1999,,8.75,-.090909094,2421,-.090909094,-.0380851,-.0408,-.0554,.0156,.0035,-.0013
10001,31mar1999,,8.75,.013142858,2421,0,.03793177,.0345,-.0383,-.029,.0043,-.0135
10001,30apr1999,,8.875,.014285714,2421,.014285714,.04910519,.0433,.0319,.0243,.0037,-.0913
10001,28may1999,,8.6875,-.02112676,2421,-.02112676,-.02070848,-.0246,.0362,.0268,.0034,-.0525
10001,30jun1999,,8.625,.006618705,2450,-.007194245,.05082035,.0477,.0346,-.0419,.004,.0493
10001,30jul1999,,8.8125,.021739131,2450,.021739131,-.03071594,-.0347,.0221,.0054,.0038,.0161
10001,31aug1999,,8.75,-.007092198,2450,-.007092198,-.00998662,-.0138,-.0134,-.0088,.0039,.0301
10001,30sep1999,,8,-.071999997,2450,-.085714288,-.02284595,-.0281,.0318,-.0304,.0039,.0649
10001,29oct1999,,8.6875,.0859375,2450,.0859375,.06214701,.0613,-.0679,-.0318,.0039,.0547
10001,30nov1999,,8.65625,-.003597122,2450,-.003597122,.03682261,.0337,.0776,-.0796,.0036,.0569
10001,31dec1999,,8.5,-.004187726,2450,-.018050542,.08375786,.0772,.07,-.0917,.0044,.1319
10001,31jan2000,,8.125,-.044117648,2450,-.044117648,-.03961168,-.0474,.0437,.0026,.0041,.0188
10001,29feb2000,,8.25,.015384615,2450,.015384615,.03177749,.0245,.2202,-.1261,.0043,.1839
10001,31mar2000,,8,-.015757576,2464,-.030303031,.05349986,.052,-.164,.0765,.0047,-.0684
10001,28apr2000,,8.09375,.01171875,2464,.01171875,-.05952955,-.064,-.077,.0909,.0046,-.0847
10001,31may2000,,7.90625,-.023166023,2464,-.023166023,-.03887089,-.0442,-.0485,.0372,.005,-.0907
10001,30jun2000,,8,.027667984,2475,.011857707,.05159714,.0464,.1369,-.1002,.004,.1652
10001,31jul2000,,7.875,-.015625,2475,-.015625,-.01771247,-.0251,-.0278,.0849,.0048,-.0012
10001,31aug2000,,8.25,.047619049,2475,.047619049,.07500706,.0703,-.0092,-.0123,.005,.0568
10001,29sep2000,,8.75,.075757578,2496,.060606062,-.051145,-.0545,-.0194,.068,.0051,.0215
10001,31oct2000,,9,.028571429,2496,.028571429,-.02449223,-.0276,-.0362,.0481,.0056,-.0469
10001,30nov2000,,9.5625,.0625,2496,.0625,-.1023714,-.1072,-.0314,.1232,.0051,-.025
10001,29dec2000,,9.75,.03267974,2498,.019607844,.02042644,.0119,.0152,.0617,.005,.0684
10001,31jan2001,,9.875,.012820513,2498,.012820513,.03959901,.0313,.071,-.0574,.0054,-.2495
10001,28feb2001,,9.75,-.012658228,2504,-.012658228,-.09909935,-.1005,-.0118,.1388,.0038,.1257
10001,30mar2001,,10,.03846154,2509,.025641026,-.07039001,-.0726,.0055,.0635,.0042,.0838
10001,30apr2001,,9.75,-.025,2509,-.025,.08383068,.0794,.0029,-.0436,.0039,-.0813
10001,31may2001,,10.69999981,.097435877,2509,.097435877,.01045775,.0072,.03,.0277,.0032,.0238
10001,29jun2001,,11.80000019,.114953309,2513,.102803774,-.01755377,-.0194,.0643,-.0227,.0028,.0036
10001,31jul2001,,12.10000038,.025423745,2513,.025423745,-.0182941,-.0213,-.0423,.0564,.003,.055
10001,31aug2001,,12.35000038,.020661157,2513,.020661157,-.05897976,-.0646,.0209,.0343,.0031,.056
10001,28sep2001,,11.94999981,-.021862395,2518,-.032388709,-.09148836,-.0925,-.0659,.0178,.0028,.1157
10001,31oct2001,,11.55000019,-.033472773,2518,-.033472773,.02783338,.0246,.0688,-.0706,.0022,-.0841
10001,30nov2001,,11.5,-.004329021,2544,-.004329021,.07878035,.0754,.0032,.0076,.0017,-.0855
10001,31dec2001,,11.44999981,.006956505,2566,-.004347843,.01784766,.0161,.0513,.0045,.0015,-.0003
10001,31jan2002,,11.30000019,-.013100403,2566,-.013100403,-.01597715,-.0144,.0111,.0346,.0014,.0378
10001,28feb2002,,10.69999981,-.053097378,2569,-.053097378,-.02169541,-.0229,-.0162,.0392,.0013,.0679
10001,28mar2002,,10.39999962,-.01588787,2571,-.028037401,.04468167,.0424,.0432,.0115,.0013,-.0173
10001,30apr2002,,9.949999809,-.043269213,2571,-.043269213,-.04961705,-.052,.0585,.0423,.0015,.0792
10001,31may2002,,10.09749985,.014824125,2571,.014824125,-.01052316,-.0138,-.037,.0251,.0014,.0316
10001,28jun2002,,9.720000267,-.024015803,2574,-.037385449,-.07024947,-.0721,.0354,.0149,.0013,.0617
10001,31jul2002,,8.75,-.099794261,2574,-.099794261,-.08115163,-.0818,-.0519,-.0365,.0015,.0341
10001,30aug2002,,8.899999619,.017142814,2574,.017142814,.00797853,.005,-.0226,.0229,.0014,.0176
10001,30sep2002,,8.75,-.00168535,2576,-.016853891,-.09996486,-.1035,.0271,.0125,.0014,.0912
10001,31oct2002,,8.579999924,-.019428581,2586,-.019428581,.07492313,.0784,-.0296,-.0646,.0014,-.0547
10001,29nov2002,,8.375,-.023892766,2589,-.023892766,.06127117,.0596,.0315,-.0154,.0012,-.163
10001,31dec2002,,7.350999832,-.106149271,2591,-.122268677,-.05331292,-.0576,-.0046,.0387,.0011,.0964
10001,31jan2003,,8.43999958,.148143083,2591,.148143083,-.02339194,-.0257,.0139,-.0084,.001,.0154
10001,28feb2003,,8.739999771,.035545047,2591,.035545047,-.01539027,-.0188,-.0029,-.0144,.0009,.0123
10001,31mar2003,,7.650000095,-.109267697,2593,-.124713928,.01032463,.0109,.0074,-.0159,.001,.0156
10001,30apr2003,,5.170000076,-.324183017,2593,-.324183017,.08276171,.0822,.0108,-.0004,.001,-.0945
10001,30may2003,,8.43999958,.632495046,2594,.632495046,.06347145,.0605,.0483,.0009,.0009,-.1074
10001,30jun2003,,6.010000229,-.287914634,2595,-.287914634,.01633601,.0142,.015,.0073,.001,-.0101
10001,31jul2003,,6.119999886,.01830277,2595,.01830277,.02311222,.0235,.0551,-.0206,.0007,-.0037
10001,29aug2003,,6.650000095,.086601347,2595,.086601347,.02496595,.0234,.027,.0171,.0007,-.0051
10001,30sep2003,,6.900000095,.037593983,2595,.037593983,-.00911215,-.0124,.0058,.0098,.0008,-.0006
10001,31oct2003,,6,-.130434796,2595,-.130434796,.06031851,.0608,.0288,.0179,.0007,.0371
10001,28nov2003,,5.96999979,-.005000035,2595,-.005000035,.01659335,.0135,.0223,.0146,.0007,.0163
10001,31dec2003,,5.949999809,-.003350081,2596,-.003350081,.04548874,.0429,-.0279,.0271,.0008,-.0573
10001,30jan2004,,6.010000229,.010084105,2596,.010084105,.02304868,.0215,.0267,.0155,.0007,.0262
10001,27feb2004,,6.489999771,.079866812,2596,.079866812,.01545771,.014,-.0117,.0045,.0006,-.0111
10001,31mar2004,,7.25,.117103279,2598,.117103279,-.01067403,-.0132,.0184,.0007,.0009,.0019
10001,30apr2004,,7.159999847,-.012413814,2598,-.012413814,-.02423171,-.0183,-.0259,-.0167,.0008,-.0536
10001,28may2004,,6.590000153,-.079608895,2598,-.079608895,.01406777,.0117,-.001,-.0033,.0006,.0161
10001,30jun2004,,6.659999847,.010622108,2599,.010622108,.02157789,.0186,.0232,.0167,.0008,.0207
10001,30jul2004,,7,.051051077,2599,.051051077,-.03766641,-.0406,-.038,.0452,.001,-.0231
10001,31aug2004,,7.03000021,.004285744,2599,.004285744,.00271352,.0008,-.0159,.0113,.0011,-.0149
10001,30sep2004,,6.099999905,-.132290229,2599,-.132290229,.02054651,.016,.0293,.0039,.0011,.0525
10001,29oct2004,,5.760000229,-.055737652,2599,-.055737652,.0178053,.0143,.0044,-.0083,.0011,-.0153
10001,30nov2004,,5.940000057,.031249968,2599,.031249968,.04820735,.0454,.0416,.0194,.0015,.0323
10001,31dec2004,,6.900000095,.161616161,2599,.161616161,.03517737,.0343,.0018,-.0036,.0016,-.0284
10001,31jan2005,,6.619999886,-.04057974,2595,-.04057974,-.02655231,-.0276,-.0163,.0267,.0016,.0313
10001,28feb2005,,6.321000099,-.045166131,2599,-.045166131,.02268078,.0189,-.0066,.0285,.0016,.0319
10001,31mar2005,,7.110000134,.124822028,2625,.124822028,-.01694831,-.0197,-.0139,.0175,.0021,.0055
10001,29apr2005,,6.578999996,-.074683562,2625,-.074683562,-.02518496,-.0261,-.04,-.0046,.0021,-.0086
10001,31may2005,,8.020000458,.219030321,2625,.219030321,.03795425,.0365,.0299,-.0124,.0024,.004
10001,30jun2005,,9.050000191,.128428891,2913,.128428891,.01153281,.0057,.0259,.0282,.0023,.0208
10001,29jul2005,,9.140000343,.009944768,2913,.009944768,.04332458,.0392,.0278,-.0048,.0024,.0001
10001,31aug2005,,9.5,.039387271,2913,.039387271,-.00594583,-.0122,-.0089,.0145,.003,.0225
10001,30sep2005,,11.51000023,.211578965,2913,.211578965,.01060589,.0049,-.0068,.0113,.0029,.0347
10001,31oct2005,,10.09990025,-.119035617,2913,-.122510858,-.02087704,-.0202,-.0103,-.0069,.0027,-.013
10001,30nov2005,,9.5,-.059396651,2914,-.059396651,.04032946,.0361,.0099,-.0179,.0031,.0036
10001,30dec2005,,9.699999809,.021052612,2930,.021052612,.00345553,-.0025,-.0052,.0049,.0032,.0071
10001,31jan2006,,9.489999771,-.01649485,2930,-.021649489,.04003258,.0304,.0532,.0119,.0035,.0279
10001,28feb2006,,9.390000343,-.010537348,2931,-.010537348,-.00163971,-.003,-.0032,-.0082,.0034,-.0178
10001,31mar2006,,10.98999977,.170393974,2932,.170393974,.01905262,.0146,.0355,-.001,.0037,.013
10001,28apr2006,,9.949999809,-.094631478,2932,-.094631478,.01296447,.0073,-.0124,.0307,.0036,.0069
10001,31may2006,,9.765999794,-.010452263,2932,-.018492464,-.03104534,-.0357,-.0306,.0281,.0043,-.0374
10001,30jun2006,,9.020000458,-.076387398,2934,-.076387398,-.00038631,-.0035,-.0054,.0159,.004,.0148
10001,31jul2006,,10.4399004,.157416835,2934,.157416835,-.00188374,-.0078,-.04,.0327,.004,-.0222
10001,31aug2006,,11.63000011,.123573951,2934,.113995314,.02504829,.0203,.0083,-.0176,.0042,-.0347
10001,29sep2006,,11,-.054170258,2947,-.054170258,.01942394,.0184,-.0124,-.0043,.0041,-.0097
10001,31oct2006,,11.07999992,.00727272,2947,.00727272,.03712454,.0323,.0163,.0048,.0041,-.0022
10001,30nov2006,,11.52999973,.051444028,2947,.0406137,.02370459,.0171,.0078,.0048,.0042,-.0102
10001,29dec2006,,11.10000038,-.037293959,2959,-.037293959,.01085619,.0087,-.0089,.0252,.004,.0082
10001,31jan2007,,11.35840034,.023279276,2959,.023279276,.01940357,.014,.0009,-.0002,.0044,.0025
10001,28feb2007,,14.18999958,.261621267,2989,.249295607,-.0139942,-.0196,.0137,.0024,.0038,-.0132
10001,30mar2007,,14.47000027,.019732255,3002,.019732255,.01294615,.0068,-.0026,.0039,.0043,.0251
10001,30apr2007,,14.51000023,.002764337,3002,.002764337,.03982102,.0349,-.021,-.0097,.0044,-.0019
10001,31may2007,,14.98999977,.043418299,3003,.0330806,.03893184,.0324,-.0002,-.0014,.0041,-.0029
10001,29jun2007,,15,.000667127,2859,.000667127,-.01475432,-.0196,.0076,-.0107,.004,.0031
10001,31jul2007,,14.14999962,-.056666691,2859,-.056666691,-.03175827,-.0373,-.0268,-.0299,.004,.0278
10001,31aug2007,,14.53999996,.027561862,2859,.027561862,.01163059,.0092,-.0015,-.0238,.0042,.0009
10001,28sep2007,,13.90999985,-.032324631,2856,-.043328755,.04084856,.0322,-.0246,-.0214,.0032,.0466
10001,31oct2007,,13.35000038,-.040258769,2855,-.040258769,.02583325,.018,.0019,-.0195,.0032,.0489
10001,30nov2007,,14.25,.079400718,2858,.067415699,-.04921968,-.0483,-.028,-.0109,.0034,.0089
10001,31dec2007,,14.14000034,-.0039298,2875,-.007719274,-.00443442,-.0087,.0002,0,.0027,.0654
10001,31jan2008,,14,-.006082061,2875,-.009901014,-.06214675,-.0636,-.0075,.0307,.0021,-.0783
10001,29feb2008,,9.499899864,.021703556,4345,.017846415,-.02166425,-.0309,-.0057,-.0003,.0013,.061
10001,29feb2008,.5,9.499899864,.021703556,4345,.017846415,-.02166425,-.0309,-.0057,-.0003,.0013,.061
10001,31mar2008,,8.965000153,-.052516311,4347,-.056305826,-.01041958,-.0093,.0081,.0028,.0017,.0413
10001,30apr2008,,8.600000381,-.036698245,4347,-.040713862,.05110538,.046,-.0149,-.0008,.0018,-.002
10001,30may2008,,10.89999962,.271627814,4347,.26744175,.02384124,.0186,.0303,-.0038,.0018,.0322
10001,30jun2008,,10.75,-.010091709,4349,-.013761434,-.07843274,-.0844,.0109,-.0106,.0017,.1253
10001,31jul2008,,10.14000034,-.053023223,4349,-.056744155,-.01332833,-.0077,.0359,.0369,.0015,-.0529
10001,29aug2008,,9.899999619,-.019723937,4349,-.02366871,.01056363,.0153,.0373,.0148,.0013,-.0381
10001,30sep2008,,8.5,-.137373701,4349,-.141414106,-.09800672,-.0924,-.0037,.0441,.0015,.0033
10001,31oct2008,,8.300000191,-.018823506,4349,-.02352939,-.1846028,-.1723,-.0227,-.0299,.0008,.0777
10001,28nov2008,,7.179999828,-.130120516,4349,-.134939805,-.08461508,-.0786,-.0364,-.0493,.0003,.0719
10001,31dec2008,,8.260000229,.155988917,4297,.150417894,.02214845,.0174,.0399,-.012,0,-.0503
10001,30jan2009,,8.501999855,.034140389,4297,.029297775,-.0773235,-.0812,-.0098,-.0986,0,-.019
10001,27feb2009,,8.93999958,.056222033,4297,.051517259,-.1002122,-.101,-.0036,-.0691,.0001,.0422
10001,31mar2009,,8.180000305,-.080536835,4300,-.08501111,.08669021,.0895,.0075,.026,.0002,-.1136
10001,30apr2009,,8.5,.044620987,4300,.039119765,.1093588,.1019,.0535,.0542,.0001,-.3472
10001,29may2009,,8.479999542,.002941123,4354,-.002352995,.06778865,.0521,-.0266,.0056,0,-.1246
10001,30jun2009,,8.599900246,.019445838,4301,.014139235,-.00309765,.0043,.0266,-.0244,.0001,.0533
10001,31jul2009,,8.149999619,-.047082014,4301,-.052314632,.08171872,.0772,.025,.0479,.0001,-.0548
10001,31aug2009,,8.539999962,.053374279,4302,.047852807,.03145856,.0333,-.0052,.0757,.0001,-.0888
10001,30sep2009,,8.599900246,.012283406,4303,.007014085,.0452224,.0408,.0248,.0139,.0001,-.0498
10001,30oct2009,,8.880000114,.037802748,4303,.032570131,-.02799315,-.0259,-.0422,-.0437,0,.0268
10001,30nov2009,,8.897999763,.007094555,4361,.002026987,.05709761,.0556,-.0267,.0017,0,.0038
10001,31dec2009,,10.30000019,.162620872,4361,.157563552,.02841892,.0275,.0578,.0073,.0001,.029
10001,29jan2010,,10.06000042,-.018932017,4361,-.023300948,-.03709573,-.0336,.0021,.006,0,-.0534
10001,26feb2010,,10.00839996,-.000656109,4361,-.00512927,.03477503,.034,.0143,.0273,0,.0363
10001,31mar2010,,10.17000008,.020642672,4361,.016146448,.06360547,.0631,.0158,.0205,.0001,.0374
10001,30apr2010,,11.39000034,.124385476,6070,.119960696,.0200434,.02,.0493,.0319,.0001,.0314
10001,28may2010,,11.39999962,.004828733,6071,.000877899,-.07913705,-.0789,-.0008,-.0235,.0001,-.0021
10001,30jun2010,,10.85999966,-.043421052,6080,-.047368418,-.05071659,-.0556,-.0212,-.0428,.0001,-.0297
10001,30jul2010,,11.72000027,.083333395,6080,.079189748,.07029266,.0693,.0027,.0009,.0001,.019
10001,31aug2010,,10.37100029,-.111262791,6073,-.115102388,-.04281335,-.0477,-.0302,-.014,.0001,-.0013
10001,30sep2010,,11.11999989,.076559596,6073,.072220571,.09151714,.0954,.0386,-.0285,.0001,.0135
10001,29oct2010,,11.4399004,.032814793,6074,.028768033,.03853123,.0388,.0105,-.0222,.0001,.0159
10001,30nov2010,,10.03999996,-.118436381,7834,-.122369982,.00510683,.006,.0367,-.0059,.0001,.0251
10001,31dec2010,,10.52000046,.052290887,7834,.047808815,.06714986,.0682,.0078,.0336,.0001,-.0319
10001,31jan2011,,10.77999973,.028992325,7834,.024714759,.01915669,.0199,-.0244,.007,.0001,-.0023
10001,28feb2011,,10.97999954,.022727257,7834,.018552858,.03816457,.0349,.0156,.0172,.0001,.0205
10001,31mar2011,,11.72999954,.072404377,7834,.068306014,.00336602,.0045,.027,-.0116,.0001,.0359
10001,29apr2011,,11.22999954,-.038789429,8151,-.042625748,.02868829,.029,-.0036,-.0217,0,.0008
10001,31may2011,,11.5,.028049909,8151,.024042785,-.0149349,-.0127,-.0064,-.0207,0,-.0061
10001,30jun2011,,11.55000019,.008260886,8151,.004347843,-.01839535,-.0175,-.0012,-.0023,0,.0176
10001,29jul2011,,11.18000031,-.028138518,8151,-.032034621,-.02246944,-.0236,-.0143,-.0114,0,.0004
10001,31aug2011,,10.97999954,-.01386411,8152,-.017889155,-.05747192,-.0599,-.033,-.0157,.0001,-.0035
10001,30sep2011,,10.98999977,.005009129,8152,.000910768,-.08487275,-.0759,-.0372,-.0099,0,-.0255
10001,31oct2011,,11,.005004571,8152,.000909939,.1139823,.1135,.0359,-.0092,0,-.0141
10001,30nov2011,,10.89999962,-.005000034,8154,-.009090944,-.00622606,-.0028,-.0026,-.0016,0,.0397
10001,30dec2011,,11.42000008,.051834907,8154,.047706466,.00370215,.0074,-.0057,.0154,0,.0188
10001,31jan2012,,11.14999962,-.019702317,8154,-.023642773,.05407667,.0505,.0253,-.0216,0,-.0794
10001,29feb2012,,11.16079998,.005004517,8154,.000968642,.04118592,.0442,-.0164,.0004,0,-.0039
10001,30mar2012,,11.65999985,.048759934,8154,.044727966,.02399392,.0311,-.0024,-.0006,0,.0145
10001,30apr2012,,11.44009972,-.015000011,8155,-.01885936,-.00680079,-.0085,-.0062,-.0017,0,.0381
10001,31may2012,,10.43000031,-.084361099,8156,-.088294633,-.06553065,-.0619,-.0012,.0011,.0001,.0664
10001,29jun2012,,10.10000038,-.027325016,8156,-.031639494,.03815562,.0389,.0082,.0048,0,-.0116
10001,31jul2012,,10.14999962,.009405865,8156,.00495042,.01026622,.0079,-.026,.0002,0,.0306
10001,31aug2012,,9.979999542,-.012315279,8157,-.016748777,.02626482,.0255,.0071,.0055,.0001,-.0246
10001,28sep2012,,9.93999958,.000501006,8157,-.004008012,.02653885,.0273,.0049,.0157,.0001,-.0102
10001,31oct2012,,10.02099991,.01267609,8157,.008148926,-.01410066,-.0176,-.0107,.0414,.0001,.001
10001,30nov2012,,9.520000458,-.045504387,8157,-.049994957,.00619259,.0078,.0067,-.011,.0001,.0033
10001,31dec2012,,9.329999924,-.015231147,8157,-.019958038,.01253085,.0118,.0162,.0325,.0001,-.0296
10001,31jan2013,,9.869999886,.062700965,8157,.057877809,.05409347,.0557,.0047,.0131,0,-.0191
10001,28feb2013,,9.93999958,.011651439,8157,.007092168,.00833144,.0129,-.0039,.0029,0,.0147
10001,28mar2013,,10.19999981,.030684128,8157,.026156966,.03527404,.0403,.0083,-.0006,0,.0209
10001,30apr2013,,10.32999992,.017156875,8390,.012745109,.01494547,.0156,-.024,.0041,0,.0035
10001,31may2013,,10.27999973,-.000484045,8390,-.00484029,.01906628,.028,.0195,.0132,0,-.0188
10001,28jun2013,,10.30000019,.006323002,8647,.00194557,-.01503924,-.012,.0123,-.0044,0,.0066
10001,31jul2013,,10.42000008,.016019406,10147,.011650474,.05268081,.0565,.0187,.0074,0,.0172
10001,30aug2013,,10.19999981,-.016794652,10372,-.021113269,-.02571385,-.0271,.0029,-.0246,0,.0007
10001,30sep2013,,10.19999981,.004411765,10372,0,.03747694,.0377,.0285,-.0159,0,.0299
10001,31oct2013,,9.970000267,-.018137211,10372,-.022548975,.0398515,.0418,-.0157,.013,0,.002
10001,29nov2013,,8.579999924,-.134904742,10452,-.139418289,.02494732,.0312,.0134,-.0033,0,.0048
10001,31dec2013,,8.029999733,-.058857832,10452,-.06410259,.02612622,.0281,-.0043,-.0015,0,.0011
10001,31jan2014,,9.170000076,.147571653,10452,.141967669,-.02995895,-.0332,.0084,-.0186,0,.0172
10001,28feb2014,,9.359999657,.025626998,10452,.020719692,.0461724,.0465,.0032,-.0048,0,.0207
10001,31mar2014,,10.06000042,.079594098,10452,.07478641,.0044689,.0043,-.0183,.0467,0,-.0324
10001,30apr2014,,10.89999962,.087972082,10488,.083498925,.00166031,-.0019,-.0419,.0157,0,-.039
10001,30may2014,,10.48999977,-.033486225,10488,-.037614666,.02021833,.0206,-.0187,-.0038,0,.0099
10001,30jun2014,,10.53999996,.009056263,10488,.004766462,.02794114,.0261,.0299,-.0066,0,.0061
10001,31jul2014,,12.89000034,.22722964,10488,.222960189,-.02052394,-.0204,-.0428,.0001,0,-.0027
10001,29aug2014,,11.27999973,-.121411994,10488,-.124903068,.04017084,.0423,.0049,-.0075,0,.0074
10001,30sep2014,,11.81000042,.050975241,10488,.046985876,-.02512926,-.0197,-.038,-.0161,0,.0058
10001,31oct2014,,11.35000038,-.035139713,10488,-.038950045,.02117765,.0252,.0417,-.0189,0,.001
10001,28nov2014,,11.5,.017180583,10488,.013215825,.02114879,.0255,-.0214,-.0342,0,.0113
10001,31dec2014,,11.02000046,-.037826046,10488,-.041739091,-.00361569,-.0006,.026,.0152,0,.0106
10002,31jan1986,,11.625,,1175,,.00982942,.0065,.012,.0053,.0056,.0296
10002,28feb1986,,13.25,.139784947,1175,.139784947,.07250004,.0713,-.0064,-.0088,.0053,.0277
10002,31mar1986,,14.1875,.070754714,1175,.070754714,.05388493,.0488,-.0051,-.0051,.006,.0245
10002,30apr1986,,14.9375,.052863438,1175,.052863438,-.00789997,-.0131,.0283,-.029,.0052,-.005
10002,30may1986,,14.625,-.020920502,1175,-.020920502,.05084357,.0462,-.0131,-.0012,.0049,.0202
10002,30jun1986,,12.6875,-.132478639,1175,-.132478639,.01424553,.0103,-.0093,.0139,.0052,.0514
10002,31jul1986,,13.3125,.049261082,1175,.049261082,-.05970048,-.0645,-.0337,.0476,.0052,.018
10002,29aug1986,,13.3125,0,1175,0,.06618101,.0607,-.0417,.0352,.0046,-.0502
10002,30sep1986,,14.25,.070422538,1175,.070422538,-.07902107,-.086,.0228,.032,.0045,-.0586
10002,31oct1986,,13.375,-.061403509,1175,-.061403509,.04930313,.0466,-.0256,-.0144,.0046,.027
10002,28nov1986,,13.375,0,1175,0,.01509289,.0117,-.0198,-.0009,.0039,-.0033
10002,31dec1986,,12.375,-.074766353,1175,-.074766353,-.02638821,-.0327,.0008,.0031,.0049,.004
10002,30jan1987,,13.5625,.095959596,1175,.095959596,.1284963,.1247,-.0179,-.0321,.0042,.0208
10002,27feb1987,,13.375,-.013824885,1175,-.013824885,.04791798,.0439,.0346,-.0596,.0043,-.0217
10002,31mar1987,,12.875,-.037383176,1175,-.037383176,.02366442,.0164,.004,.0159,.0047,.016
10002,30apr1987,,13,.009708738,1175,.009708738,-.01700054,-.0211,-.017,-.0032,.0044,.0025
10002,29may1987,,13.5,.03846154,1175,.03846154,.00512465,.0011,-.0055,.0016,.0038,-.0068
10002,30jun1987,,13.5,0,1175,0,.04366169,.0394,-.0217,.0106,.0048,-.002
10002,31jul1987,,14,.037037037,1175,.037037037,.04424779,.0385,-.0063,.0071,.0046,.0268
10002,31aug1987,,13.5,-.035714287,1175,-.035714287,.03714636,.0352,-.0075,-.0091,.0047,-.0089
10002,30sep1987,,12.5,-.074074075,1175,-.074074075,-.02077383,-.0259,.0054,.0028,.0045,.0072
10002,30oct1987,,10,-.200000003,1175,-.200000003,-.225363,-.2324,-.084,.042,.006,-.0787
10002,30nov1987,,10.125,.0125,1175,.0125,-.07227264,-.0777,.0264,.0323,.0035,-.0113
10002,31dec1987,,10,-.012345679,1175,-.012345679,.07032661,.0681,.0015,-.0443,.0039,.0581
10002,29jan1988,,10.375,.037500001,1175,.037500001,.04488041,.0421,-.0069,.0516,.0029,-.0763
10002,29feb1988,,10,-.036144577,1175,-.036144577,.05169475,.0475,.0335,-.0164,.0046,-.0154
10002,31mar1988,,10.25,.025,1175,.025,-.01659759,-.0227,.0615,.0074,.0044,.0064
10002,29apr1988,,9.75,-.048780486,1175,-.048780486,.01099083,.0056,.0096,.017,.0046,.0228
10002,31may1988,,9.625,-.012820513,1175,-.012820513,.00044779,-.0029,-.0265,.0228,.0051,.0065
10002,30jun1988,,9.875,.025974026,1175,.025974026,.05145973,.0479,.021,-.0112,.0049,-.0292
10002,29jul1988,,9.75,-.012658228,1175,-.012658228,-.00727196,-.0125,-.0019,.0226,.0051,.0064
10002,31aug1988,,9.5,-.025641026,1175,-.025641026,-.02800588,-.0331,.0009,.0208,.0059,.0033
10002,30sep1988,,9.375,-.013157895,1175,-.013157895,.03720234,.033,-.0127,-.0067,.0062,.0024
10002,31oct1988,,9.375,0,1175,0,.01763662,.0115,-.029,.0167,.0061,.0131
10002,30nov1988,,8.75,-.06666667,1175,-.06666667,-.01641204,-.0229,-.0172,.0127,.0057,.0042
10002,30dec1988,,8.375,-.042857144,1175,-.042857144,.02107465,.0149,.0194,-.0154,.0063,.0042
10002,31jan1989,,8.875,.059701491,1175,.059701491,.06610259,.061,-.0213,.0053,.0055,-.0014
10002,28feb1989,,8.75,-.014084507,1175,-.014084507,-.01644639,-.0225,.0277,.0086,.0061,.0093
10002,31mar1989,,8.5,-.028571429,1175,-.028571429,.02146523,.0157,.0073,.0048,.0067,.0356
10002,28apr1989,,8.25,-.029411765,1175,-.029411765,.04820446,.0433,-.006,-.0145,.0067,.017
10002,31may1989,,8,-.030303031,1175,-.030303031,.03933809,.0335,-.0004,-.0084,.0079,.0155
10002,30jun1989,,8.375,.046875,1175,.046875,-.00486614,-.0135,-.0101,.0217,.0071,.0066
10002,31jul1989,,8.125,-.029850746,1175,-.029850746,.07713073,.072,-.0402,-.0281,.007,.054
10002,31aug1989,,7.875,-.030769231,1175,-.030769231,.0221267,.0144,.0053,.0065,.0074,-.0014
10002,29sep1989,,7.125,-.095238097,1175,-.095238097,-.00147436,-.0076,.003,-.0134,.0065,.0339
10002,31oct1989,,6.25,-.122807018,1175,-.122807018,-.02928132,-.0367,-.0326,-.0109,.0068,.0137
10002,30nov1989,,6.375,.02,1175,.02,.0178154,.0103,-.0122,-.0108,.0069,.0257
10002,29dec1989,,6.125,-.039215688,1175,-.039215688,.01829512,.0116,-.0238,.0024,.0061,.0278
10002,31jan1990,,6.25,.020408163,1175,.020408163,-.07011517,-.0785,-.013,.0089,.0057,-.0332
10002,28feb1990,,6.375,.02,1175,.02,.01490096,.0111,.0105,.0063,.0057,-.0052
10002,30mar1990,,6.375,0,1175,0,.02414006,.0183,.0148,-.0286,.0064,.0166
10002,30apr1990,,6.375,0,1175,0,-.02828588,-.0336,-.005,-.0258,.0069,.0246
10002,31may1990,,6.375,0,1175,0,.0889361,.0842,-.0256,-.0374,.0068,.0305
10002,29jun1990,,6.375,0,1175,0,-.00419626,-.0109,.0145,-.0201,.0063,.0242
10002,31jul1990,,6.125,-.039215688,1175,-.039215688,-.00940477,-.019,-.032,-.0001,.0068,.0593
10002,31aug1990,,5.875,-.040816326,1175,-.040816326,-.09189577,-.1014,-.0359,.016,.0066,.018
10002,28sep1990,,5.125,-.127659574,1175,-.127659574,-.05384322,-.0612,-.0367,.0074,.006,.0552
10002,31oct1990,,5.5,.073170729,1175,.073170729,-.01250398,-.0192,-.0554,.0025,.0068,.0673
10002,30nov1990,,5.375,-.022727273,1175,-.022727273,.06574359,.0635,.0033,-.0307,.0057,-.0561
10002,31dec1990,,5,-.069767445,1175,-.069767445,.02951265,.0246,.0082,-.0155,.006,.0015
10002,31jan1991,,4.875,-.025,1175,-.025,.04907785,.0469,.038,-.0184,.0052,-.0652
10002,28feb1991,,4.875,0,1175,0,.07584678,.0719,.0391,-.006,.0048,-.0482
10002,28mar1991,,4.875,0,1175,0,.02892273,.0265,.039,-.012,.0044,.0281
10002,30apr1991,,4.625,-.051282052,1175,-.051282052,.00332213,-.0028,.0051,.014,.0053,-.0239
10002,31may1991,,4.625,0,1175,0,.04073162,.0364,-.0034,-.0055,.0047,-.0011
10002,28jun1991,,4.625,0,1175,0,-.04402925,-.0494,.0006,.0119,.0042,.0046
10002,31jul1991,,4.625,0,1175,0,.04679512,.0424,-.0094,-.0129,.0049,.0432
10002,30aug1991,,5,.081081077,1175,.081081077,.02681936,.0232,.016,-.008,.0046,.016
10002,30sep1991,,5.125,.025,1175,.025,-.01097486,-.0159,.0163,-.01,.0046,.0173
10002,31oct1991,,5.125,0,1175,0,.01778866,.0128,.0089,-.0048,.0042,.0319
10002,29nov1991,,5.125,0,1175,0,-.03727527,-.0419,-.0048,-.0192,.0039,.0126
10002,31dec1991,,6,.170731708,1175,.170731708,.1067783,.1083,-.0225,-.0404,.0038,.0829
10002,31jan1992,,6.125,.020833334,1175,.020833334,-.00118234,-.0059,.0846,.0453,.0034,-.0247
10002,28feb1992,,6.125,0,1175,0,.01335434,.0109,.0088,.0638,.0028,-.0061
10002,31mar1992,,6.375,.040816326,1175,.040816326,-.02369961,-.0265,-.0102,.0367,.0034,-.0035
10002,30apr1992,,7.5,.176470593,1175,.176470593,.01341884,.0108,-.061,.0432,.0032,-.026
10002,29may1992,,7.5,0,1175,0,.00643855,.003,.0039,.0125,.0028,.001
10002,30jun1992,,7.5,0,1442,0,-.01928691,-.0234,-.031,.0339,.0032,-.006
10002,31jul1992,,7.75,.033333335,1442,.033333335,.03989998,.0377,-.0043,-.0053,.0031,.0143
10002,31aug1992,,8.5,.096774191,1442,.096774191,-.02081965,-.0238,-.0011,-.0105,.0026,-.0052
10002,30sep1992,,9,.05882353,1442,.05882353,.01244722,.0119,.0055,-.0024,.0026,.0144
10002,30oct1992,,9,0,1442,0,.01098552,.0102,.0205,-.0209,.0023,.0273
10002,30nov1992,,9,0,1442,0,.04019304,.0413,.037,-.0147,.0023,-.0034
10002,31dec1992,,9,0,1442,0,.01776835,.0153,.0165,.0252,.0028,.0447
10002,29jan1993,,9.5,.055555556,1442,.055555556,.01264339,.0093,.0205,.0589,.0023,.0482
10002,26feb1993,,10.5,.105263159,1442,.105263159,.00540228,.0013,-.0343,.0645,.0022,.0313
10002,31mar1993,,10,-.047619049,1442,-.047619049,.0251157,.023,.0025,.0127,.0025,.0374
10002,30apr1993,,12.25,.224999994,1442,.224999994,-.02540042,-.0305,-.0068,.0264,.0024,.0034
10002,28may1993,,12.25,0,1442,0,.02959811,.0288,.0196,-.0342,.0022,.0029
10002,30jun1993,,12.25,0,1442,0,.00544002,.0031,-.003,.0262,.0025,.0459
10002,30jul1993,,12.25,0,1442,0,-.00079493,-.0034,.0095,.0326,.0024,.0324
10002,31aug1993,,12.625,.030612245,1442,.030612245,.03947853,.0372,.0032,-.0044,.0025,.0258
10002,30sep1993,,13,.029702971,2999,.029702971,.00064068,-.0012,.0312,-.0048,.0026,.034
10002,29oct1993,,13.5,.042307694,2999,.03846154,.01806427,.0141,.0144,-.0156,.0022,-.0267
10002,30nov1993,,12.875,-.046296295,2999,-.046296295,-.01760636,-.0189,-.0143,-.0026,.0025,-.0471
10002,31dec1993,,12.875,.010097087,2999,0,.01951273,.0165,.0122,.0058,.0023,.0229
10002,31jan1994,,13.375,.038834952,2999,.038834952,.03146612,.0287,.0013,.0209,.0025,.0001
10002,28feb1994,,13.25,-.009345794,2999,-.009345794,-.02422384,-.0256,.0272,-.0141,.0021,-.0026
10002,31mar1994,,13.25,.004528302,2999,0,-.04579477,-.0478,-.0097,.0133,.0027,-.0132
10002,29apr1994,,12.5,-.056603774,2999,-.056603774,.00947768,.0068,-.0092,.0168,.0027,.0041
10002,31may1994,,13.25,.059999999,2999,.059999999,.00936021,.0058,-.0202,.0017,.0031,-.0216
10002,30jun1994,,14,.061132077,2999,.056603774,-.02790869,-.0303,-.0048,.0168,.0031,-.0083
10002,29jul1994,,13.25,-.053571429,2999,-.053571429,.03063324,.0282,-.0177,.0097,.0028,.0019
10002,31aug1994,,13.375,.009433962,2999,.009433962,.04259737,.0401,.0144,-.0345,.0037,.0154
10002,30sep1994,,13,-.022803739,2999,-.028037382,-.01836315,-.0231,.0267,-.0181,.0037,.0131
10002,31oct1994,,13,0,2999,0,.01451999,.0134,-.022,-.0236,.0038,.0145
10002,30nov1994,,12.5,-.03846154,2999,-.03846154,-.03721879,-.0404,-.0017,-.0005,.0037,-.0019
10002,30dec1994,,13.125,.055599999,2999,.050000001,.01260929,.0086,.0005,.0027,.0044,.035
10002,31jan1995,,13.125,0,2999,0,.02039867,.018,-.0295,.0164,.0042,-.0183
10002,28feb1995,,13.125,0,2999,0,.03961472,.0363,-.0033,.0038,.004,-.0034
10002,31mar1995,,12.75,-.022476191,2999,-.028571429,.02704092,.0218,-.0038,-.0205,.0046,.0036
10002,28apr1995,,13,.019607844,2999,.019607844,.02504808,.0211,-.0042,.017,.0044,.0182
10002,31may1995,,13.5,.03846154,2999,.03846154,.03400705,.029,-.0225,.0192,.0054,-.0044
10002,30jun1995,,13,-.031111112,2999,-.037037037,.03117293,.0272,.0306,-.0299,.0047,.0289
10002,31jul1995,,13,0,2999,0,.04078258,.0372,.0223,-.0224,.0045,.0255
10002,31aug1995,,13,0,2999,0,.00930454,.0055,.0183,.0193,.0047,.0009
10002,29sep1995,,14.5,.12153846,2999,.115384616,.03636223,.0335,-.0207,-.0095,.0043,.0272
10002,31oct1995,,12.5,-.137931034,2999,-.137931034,-.01131678,-.0152,-.0395,-.0009,.0047,.0414
10002,30nov1995,,13.375,.07,2999,.07,.04270792,.0395,-.0083,.0034,.0042,-.0062
10002,29dec1995,,14,.05271028,3002,.046728972,.01519028,.0103,.0037,.0141,.0049,.0257
10002,31jan1996,,13.5,-.035714287,3002,-.035714287,.02814397,.0226,-.0248,.004,.0043,.0056
10002,29feb1996,,13.875,.027777778,3002,.027777778,.01631002,.0133,.0206,-.0233,.0039,.0058
10002,29mar1996,,14.5,.052252252,3002,.045045044,.01092697,.0073,.0131,.0127,.0039,-.0189
10002,30apr1996,,13.875,-.043103449,3002,-.043103449,.02551078,.0206,.0487,-.0402,.0046,-.0092
10002,31may1996,,13.875,0,3002,0,.0268002,.0236,.0316,-.014,.0042,.0159
10002,28jun1996,,13.875,.007207207,3002,0,-.00829795,-.0114,-.0364,.0192,.004,.01
10002,31jul1996,,13.4375,-.031531531,3002,-.031531531,-.0538185,-.0597,-.0358,.0437,.0045,-.0012
10002,30aug1996,,13.5,.004651163,3002,.004651163,.03246336,.0276,.0229,-.006,.0041,0
10002,30sep1996,,13.625,.016666668,3002,.009259259,.05303457,.0502,-.008,-.0377,.0044,.0271
10002,31oct1996,,13.375,-.018348623,3002,-.018348623,.01373917,.0086,-.0411,.048,.0042,.039
10002,29nov1996,,13.375,0,3002,0,.06556856,.0625,-.0359,.0016,.0041,-.0224
10002,31dec1996,,13,-.020560747,3002,-.028037382,-.01138822,-.017,.0308,.0101,.0046,.0057
10002,31jan1997,,13,0,3002,0,.05347287,.0499,-.0152,-.0233,.0045,.0195
10002,28feb1997,,13.25,.01923077,3002,.01923077,-.00112238,-.0049,-.026,.0468,.0039,-.0203
10002,31mar1997,,15,.139622644,4227,.132075474,-.04486756,-.0503,-.0033,.0386,.0043,.0094
10002,30apr1997,,13.625,-.075000003,4227,-.091666669,.04237316,.0404,-.052,-.0103,.0043,.049
10002,30may1997,,15.75,.155963302,4227,.155963302,.07162357,.0674,.0483,-.0437,.0049,-.0517
10002,30jun1997,,16.25,.03809524,4231,.031746034,.04409472,.041,.0149,.0075,.0037,.0262
10002,31jul1997,,17.75,.092307694,4231,.092307694,.0765142,.0733,-.0251,-.0013,.0043,.0383
10002,29aug1997,,19,.070422538,4231,.070422538,-.03629041,-.0415,.0734,.0136,.0041,-.0251
10002,30sep1997,,20.75,.097894736,4241,.092105262,.05849854,.0535,.0268,-.0023,.0044,.0145
10002,31oct1997,,21.125,.018072288,4241,.018072288,-.03443615,-.038,-.0079,.0218,.0042,-.004
10002,28nov1997,,21.875,.035502959,4241,.035502959,.03040374,.0298,-.0506,.0098,.0039,.0029
10002,31dec1997,,24.5,.125028566,4246,.119999997,.01781677,.0132,-.024,.038,.0048,.0387
10002,30jan1998,,25,.020408163,4246,.020408163,.00450245,.0015,-.0092,-.0203,.0043,.0008
10002,27feb1998,,26.5,.059999999,4246,.059999999,.07330266,.0703,.0033,-.0088,.0039,-.011
10002,31mar1998,,25.875,-.019433962,4248,-.023584906,.05130106,.0476,-.01,.0125,.0039,.0214
10002,30apr1998,,24.5,-.053140096,4248,-.053140096,.010903,.0073,.0048,.0032,.0043,.0078
10002,29may1998,,27.5,.122448981,4248,.122448981,-.02574788,-.0307,-.0354,.0411,.004,.0187
10002,30jun1998,,30,.095545456,4248,.090909094,.03194099,.0318,-.0314,-.022,.0041,.0727
10002,31jul1998,.5,19.75,-.0125,6372,-.0125,-.02336717,-.0246,-.0492,-.0116,.004,.0369
10002,31aug1998,,16.5,-.164556965,6372,-.164556965,-.1578391,-.1608,-.0575,.0522,.0043,.019
10002,30sep1998,,16.25,-.01,6526,-.015151516,.06382662,.0615,-.0017,-.0388,.0046,-.0071
10002,30oct1998,,15,-.07692308,6526,-.07692308,.07439252,.0713,-.0319,-.0275,.0032,-.0536
10002,30nov1998,,15.25,.016666668,6526,.016666668,.06202361,.061,.0114,-.0344,.0031,.0117
10002,31dec1998,,15.25,.00557377,7729,0,.0630511,.0616,-.003,-.047,.0038,.0904
10002,29jan1999,,15.5,.016393442,7729,.016393442,.03845571,.035,.0086,-.0556,.0035,.0302
10002,26feb1999,,14,-.096774191,7729,-.096774191,-.0380851,-.0408,-.0554,.0156,.0035,-.0013
10002,31mar1999,,13.75,-.011785714,7729,-.017857144,.03793177,.0345,-.0383,-.029,.0043,-.0135
10002,30apr1999,,13,-.054545455,7729,-.054545455,.04910519,.0433,.0319,.0243,.0037,-.0913
10002,28may1999,,13.1875,.014423077,7729,.014423077,-.02070848,-.0246,.0362,.0268,.0034,-.0525
10002,30jun1999,,13.4375,.025781991,7729,.018957347,.05082035,.0477,.0346,-.0419,.004,.0493
10002,30jul1999,,14,.041860465,7729,.041860465,-.03071594,-.0347,.0221,.0054,.0038,.0161
10002,31aug1999,,13,-.071428575,7729,-.071428575,-.00998662,-.0138,-.0134,-.0088,.0039,.0301
10002,30sep1999,,14.90625,.153557688,7729,.146634609,-.02284595,-.0281,.0318,-.0304,.0039,.0649
10002,29oct1999,,13.25,-.111111112,7729,-.111111112,.06214701,.0613,-.0679,-.0318,.0039,.0547
10002,30nov1999,,14,.056603774,7729,.056603774,.03682261,.0337,.0776,-.0796,.0036,.0569
10002,31dec1999,,12.1875,-.123035714,7729,-.129464284,.08375786,.0772,.07,-.0917,.0044,.1319
10002,31jan2000,,11.875,-.025641026,7729,-.025641026,-.03961168,-.0474,.0437,.0026,.0041,.0188
10002,29feb2000,,9.9375,-.163157895,7729,-.163157895,.03177749,.0245,.2202,-.1261,.0043,.1839
10002,31mar2000,,10.125,.028930819,8587,.018867925,.05349986,.052,-.164,.0765,.0047,-.0684
10002,28apr2000,,10.25,.012345679,8587,.012345679,-.05952955,-.064,-.077,.0909,.0046,-.0847
10002,31may2000,,10,-.024390243,8587,-.024390243,-.03887089,-.0442,-.0485,.0372,.005,-.0907
10002,30jun2000,,10.3125,.041250002,8587,.03125,.05159714,.0464,.1369,-.1002,.004,.1652
10002,31jul2000,,10.1875,-.012121212,8587,-.012121212,-.01771247,-.0251,-.0278,.0849,.0048,-.0012
10002,31aug2000,,10,-.018404908,8587,-.018404908,.07500706,.0703,-.0092,-.0123,.005,.0568
10002,29sep2000,,7.375,-.252499998,8587,-.262499988,-.051145,-.0545,-.0194,.068,.0051,.0215
10002,31oct2000,,8.625,.169491529,8587,.169491529,-.02449223,-.0276,-.0362,.0481,.0056,-.0469
10002,30nov2000,,8.78125,.018115941,8587,.018115941,-.1023714,-.1072,-.0314,.1232,.0051,-.025
10002,29dec2000,,9.1875,.057651244,8526,.046263345,.02042644,.0119,.0152,.0617,.005,.0684
10002,31jan2001,,10,.088435374,8526,.088435374,.03959901,.0313,.071,-.0574,.0054,-.2495
10002,28feb2001,,10.625,.0625,8526,.0625,-.09909935,-.1005,-.0118,.1388,.0038,.1257
10002,30mar2001,,15,.422117651,8527,.411764711,-.07039001,-.0726,.0055,.0635,.0042,.0838
10002,30apr2001,,11.38000011,-.241333321,8527,-.241333321,.08383068,.0794,.0029,-.0436,.0039,-.0813
10002,31may2001,,11,-.033391926,8527,-.033391926,.01045775,.0072,.03,.0277,.0032,.0238
10002,29jun2001,,11.30000019,.037272744,8527,.027272744,-.01755377,-.0194,.0643,-.0227,.0028,.0036
10002,31jul2001,,10.89000034,-.036283173,8527,-.036283173,-.0182941,-.0213,-.0423,.0564,.003,.055
10002,31aug2001,,10.35000038,-.049586773,8527,-.049586773,-.05897976,-.0646,.0209,.0343,.0031,.056
10002,28sep2001,,9.75,-.047343031,8530,-.057971049,-.09148836,-.0925,-.0659,.0178,.0028,.1157
10002,31oct2001,,9.43999958,-.031794913,8530,-.031794913,.02783338,.0246,.0688,-.0706,.0022,-.0841
10002,30nov2001,,10,.059322082,8530,.059322082,.07878035,.0754,.0032,.0076,.0017,-.0855
10002,31dec2001,,9.890000343,3.4273e-08,8530,-.010999965,.01784766,.0161,.0513,.0045,.0015,-.0003
10002,31jan2002,,9.899999619,.001011049,8530,.001011049,-.01597715,-.0144,.0111,.0346,.0014,.0378
10002,28feb2002,,10.625,.085353576,8530,.073232368,-.02169541,-.0229,-.0162,.0392,.0013,.0679
10002,28mar2002,,9.850000381,-.072941139,8367,-.072941139,.04468167,.0424,.0432,.0115,.0013,-.0173
10002,30apr2002,,12.10000038,.228426382,8367,.228426382,-.04961705,-.052,.0585,.0423,.0015,.0792
10002,31may2002,,12.14999962,.004132168,8749,.004132168,-.01052316,-.0138,-.037,.0251,.0014,.0316
10002,28jun2002,,12.14999962,.009876544,8749,0,-.07024947,-.0721,.0354,.0149,.0013,.0617
10002,31jul2002,,11,-.094650179,8749,-.094650179,-.08115163,-.0818,-.0519,-.0365,.0015,.0341
10002,30aug2002,,11.25,.022727273,8757,.022727273,.00797853,.005,-.0226,.0229,.0014,.0176
10002,30sep2002,,10.68900013,-.039199989,8740,-.049866654,-.09996486,-.1035,.0271,.0125,.0014,.0912
10002,31oct2002,,10.78999996,.00944895,8740,.00944895,.07492313,.0784,-.0296,-.0646,.0014,-.0547
10002,29nov2002,,10.60000038,-.017608859,8739,-.017608859,.06127117,.0596,.0315,-.0154,.0012,-.163
10002,31dec2002,,11.10000038,.058490563,8729,.047169808,-.05331292,-.0576,-.0046,.0387,.0011,.0964
10002,31jan2003,,11.81000042,.063963965,8729,.063963965,-.02339194,-.0257,.0139,-.0084,.001,.0154
10002,28feb2003,,13.25,.121930525,8729,.121930525,-.01539027,-.0188,-.0029,-.0144,.0009,.0123
10002,31mar2003,,14.39999962,.096603744,8740,.086792424,.01032463,.0109,.0074,-.0159,.001,.0156
10002,30apr2003,,15.90100002,.104236141,8740,.104236141,.08276171,.0822,.0108,-.0004,.001,-.0945
10002,30may2003,,15.55000019,-.022074074,8741,-.022074074,.06347145,.0605,.0483,.0009,.0009,-.1074
10002,30jun2003,,16.05999947,.04115751,8740,.032797381,.01633601,.0142,.015,.0073,.001,-.0101
10002,31jul2003,,16.04999924,-.000622679,8740,-.000622679,.02311222,.0235,.0551,-.0206,.0007,-.0037
10002,29aug2003,,16.09000015,.002492269,8741,.002492269,.02496595,.0234,.027,.0171,.0007,-.0051
10002,30sep2003,,15.10000038,-.053449333,8744,-.061528884,-.00911215,-.0124,.0058,.0098,.0008,-.0006
10002,31oct2003,,15.43000031,.021854298,8744,.021854298,.06031851,.0608,.0288,.0179,.0007,.0371
10002,28nov2003,,15.77999973,.022683047,8745,.022683047,.01659335,.0135,.0223,.0146,.0007,.0163
10002,31dec2003,,16.02000046,.023447448,8745,.015209172,.04548874,.0429,-.0279,.0271,.0008,-.0573
10002,30jan2004,,16.11000061,.005617987,8745,.005617987,.02304868,.0215,.0267,.0155,.0007,.0262
10002,27feb2004,,18.04999924,.120422006,8754,.120422006,.01545771,.014,-.0117,.0045,.0006,-.0111
10002,31mar2004,,17.48999977,-.023822686,10968,-.031024903,-.01067403,-.0132,.0184,.0007,.0009,.0019
10002,30apr2004,,16.85000038,-.036592305,10968,-.036592305,-.02423171,-.0183,-.0259,-.0167,.0008,-.0536
10002,28may2004,,17.12000084,.016023766,10968,.016023766,.01406777,.0117,-.001,-.0033,.0006,.0161
10002,30jun2004,,17.52000046,.03095792,10969,.023364462,.02157789,.0186,.0232,.0167,.0008,.0207
10002,30jul2004,,17.57999992,.003424627,10980,.003424627,-.03766641,-.0406,-.038,.0452,.001,-.0231
10002,31aug2004,,17.97999954,.022753106,10980,.022753106,.00271352,.0008,-.0159,.0113,.0011,-.0149
10002,30sep2004,,18.79999924,.05283647,10988,.045606215,.02054651,.016,.0293,.0039,.0011,.0525
10002,29oct2004,,19,.010638339,11009,.010638339,.0178053,.0143,.0044,-.0083,.0011,-.0153
10002,30nov2004,,21.29999924,.121052593,11009,.121052593,.04820735,.0454,.0416,.0194,.0015,.0323
10002,31dec2004,,24.61000061,.161502421,11021,.155399129,.03517737,.0343,.0018,-.0036,.0016,-.0284
10002,31jan2005,,21.35000038,-.13246648,11021,-.13246648,-.02655231,-.0276,-.0163,.0267,.0016,.0313
10002,28feb2005,,20.63999939,-.033255316,11021,-.033255316,.02268078,.0189,-.0066,.0285,.0016,.0319
10002,31mar2005,,20.23999977,-.013081377,11122,-.019379826,-.01694831,-.0197,-.0139,.0175,.0021,.0055
10002,29apr2005,,18.88999939,-.066699624,11078,-.066699624,-.02518496,-.0261,-.04,-.0046,.0021,-.0086
10002,31may2005,,19.77000046,.046585552,11074,.046585552,.03795425,.0365,.0299,-.0124,.0024,.004
10002,30jun2005,,19.53000069,-.005563974,11114,-.012139593,.01153281,.0057,.0259,.0282,.0023,.0208
10002,29jul2005,,21.07999992,.079365037,11121,.079365037,.04332458,.0392,.0278,-.0048,.0024,.0001
10002,31aug2005,,21.77000046,.032732472,11122,.032732472,-.00594583,-.0122,-.0089,.0145,.003,.0225
10002,30sep2005,,19.28000069,-.108406052,11133,-.114377573,.01060589,.0049,-.0068,.0113,.0029,.0347
10002,31oct2005,,18.42000008,-.04460584,11137,-.04460584,-.02087704,-.0202,-.0103,-.0069,.0027,-.013
10002,30nov2005,,20.18000031,.095548332,11137,.095548332,.04032946,.0361,.0099,-.0179,.0031,.0036
10002,30dec2005,,20.10000038,.002477704,11137,-.003964317,.00345553,-.0025,-.0052,.0049,.0032,.0071
10002,31jan2006,,20.70000076,.029850764,11137,.029850764,.04003258,.0304,.0532,.0119,.0035,.0279
10002,28feb2006,,22.05999947,.065700419,11137,.065700419,-.00163971,-.003,-.0032,-.0082,.0034,-.0178
10002,31mar2006,,22.14999962,.009972808,11145,.004079789,.01905262,.0146,.0355,-.001,.0037,.013
10002,28apr2006,,20.65999985,-.067268617,11151,-.067268617,.01296447,.0073,-.0124,.0307,.0036,.0069
10002,31may2006,,21.68000031,.049370788,11151,.049370788,-.03104534,-.0357,-.0306,.0281,.0043,-.0374
10002,30jun2006,,23.46999931,.088560842,11152,.082564525,-.00038631,-.0035,-.0054,.0159,.004,.0148
10002,31jul2006,,27.48999977,.171282515,11152,.171282515,-.00188374,-.0078,-.04,.0327,.004,-.0222
10002,31aug2006,,26.54999924,-.034194272,11156,-.034194272,.02504829,.0203,.0083,-.0176,.0042,-.0347
10002,29sep2006,,27.88999939,.055367239,11156,.050470818,.01942394,.0184,-.0124,-.0043,.0041,-.0097
10002,31oct2006,,24.51000023,-.121190362,11156,-.121190362,.03712454,.0323,.0163,.0048,.0041,-.0022
10002,30nov2006,,24.20999908,-.012239949,11163,-.012239949,.02370459,.0171,.0078,.0048,.0042,-.0102
10002,29dec2006,,25.52000046,.059479613,11166,.054109931,.01085619,.0087,-.0089,.0252,.004,.0082
10002,31jan2007,,21.47999954,-.158307239,11166,-.158307239,.01940357,.014,.0009,-.0002,.0044,.0025
10002,28feb2007,,22.19000053,.03305405,11166,.03305405,-.0139942,-.0196,.0137,.0024,.0038,-.0132
10002,30mar2007,,21.15999985,-.040558841,11184,-.046417333,.01294615,.0068,-.0026,.0039,.0043,.0251
10002,30apr2007,,20.03000069,-.053402606,11184,-.053402606,.03982102,.0349,-.021,-.0097,.0044,-.0019
10002,31may2007,,20.04000092,.000499263,11187,.000499263,.03893184,.0324,-.0002,-.0014,.0041,-.0029
10002,29jun2007,,21,.054391168,11196,.047904145,-.01475432,-.0196,.0076,-.0107,.004,.0031
10002,31jul2007,,17.47999954,-.167619064,11196,-.167619064,-.03175827,-.0373,-.0268,-.0299,.004,.0278
10002,31aug2007,,16.23999977,-.070938207,11295,-.070938207,.01163059,.0092,-.0015,-.0238,.0042,.0009
10002,28sep2007,,15.94999981,-.009852215,11200,-.01785714,.04084856,.0322,-.0246,-.0214,.0032,.0466
10002,31oct2007,,13.48999977,-.15423198,17592,-.15423198,.02583325,.018,.0019,-.0195,.0032,.0489
10002,30nov2007,,12.44999981,-.077094145,17592,-.077094145,-.04921968,-.0483,-.028,-.0109,.0034,.0089
10002,31dec2007,,12.10000038,-.017670637,17497,-.028112404,-.00443442,-.0087,.0002,0,.0027,.0654
10002,31jan2008,,12.35000038,.020661157,17497,.020661157,-.06214675,-.0636,-.0075,.0307,.0021,-.0783
10002,29feb2008,,10.98999977,-.110121503,17497,-.110121503,-.02166425,-.0309,-.0057,-.0003,.0013,.061
10002,31mar2008,,10.75,-.010009079,17526,-.021838015,-.01041958,-.0093,.0081,.0028,.0017,.0413
10002,30apr2008,,10.85999966,.010232526,17526,.010232526,.05110538,.046,-.0149,-.0008,.0018,-.002
10002,30may2008,,10.06000042,-.073664755,17535,-.073664755,.02384124,.0186,.0303,-.0038,.0018,.0322
10002,30jun2008,,6.590000153,-.332007974,17535,-.34493044,-.07843274,-.0844,.0109,-.0106,.0017,.1253
10002,31jul2008,,7.5,.138087988,17535,.138087988,-.01332833,-.0077,.0359,.0369,.0015,-.0529
10002,29aug2008,,8.43999958,.125333279,17654,.125333279,.01056363,.0153,.0373,.0148,.0013,-.0381
10002,30sep2008,,13.11999989,.569905281,17547,.554502428,-.09800672,-.0924,-.0037,.0441,.0015,.0033
10002,31oct2008,,12.46000004,-.050304867,17547,-.050304867,-.1846028,-.1723,-.0227,-.0299,.0008,.0777
10002,28nov2008,,12.47999954,.001605097,17661,.001605097,-.08461508,-.0786,-.0364,-.0493,.0003,.0719
10002,31dec2008,,14.76000023,.193109035,17555,.182692364,.02214845,.0174,.0399,-.012,0,-.0503
10002,30jan2009,,8.869999886,-.399051517,17555,-.399051517,-.0773235,-.0812,-.0098,-.0986,0,-.019
10002,27feb2009,,6.099999905,-.312288612,17555,-.312288612,-.1002122,-.101,-.0036,-.0691,.0001,.0422
10002,31mar2009,,6.329999924,.041803282,17594,.037704922,.08669021,.0895,.0075,.026,.0002,-.1136
10002,30apr2009,,6.579999924,.03949447,17594,.03949447,.1093588,.1019,.0535,.0542,.0001,-.3472
10002,29may2009,,4.170000076,-.366261393,17670,-.366261393,.06778865,.0521,-.0266,.0056,0,-.1246
10002,30jun2009,,2.980000019,-.282973617,17629,-.285371721,-.00309765,.0043,.0266,-.0244,.0001,.0533
10002,31jul2009,,2.769999981,-.070469812,17629,-.070469812,.08171872,.0772,.025,.0479,.0001,-.0548
10002,31aug2009,,3.720000029,.342960298,17687,.342960298,.03145856,.0333,-.0052,.0757,.0001,-.0888
10002,30sep2009,,3.569999933,-.040322606,17633,-.040322606,.0452224,.0408,.0248,.0139,.0001,-.0498
10002,30oct2009,,3.210000038,-.100840308,17633,-.100840308,-.02799315,-.0259,-.0422,-.0437,0,.0268
10002,30nov2009,,2.769999981,-.137071669,17634,-.137071669,.05709761,.0556,-.0267,.0017,0,.0038
10002,31dec2009,,2.869999886,.036101051,17634,.036101051,.02841892,.0275,.0578,.0073,.0001,.029
10002,29jan2010,,3.920000076,.365853727,17634,.365853727,-.03709573,-.0336,.0021,.006,0,-.0534
10002,26feb2010,,4.53000021,.155612275,17634,.155612275,.03477503,.034,.0143,.0273,0,.0363
10002,31mar2010,,4.849999905,.070640109,17639,.070640109,.06360547,.0631,.0158,.0205,.0001,.0374
10002,30apr2010,,6.190000057,.276288688,17639,.276288688,.0200434,.02,.0493,.0319,.0001,.0314
10002,28may2010,,4.429999828,-.284329593,17686,-.284329593,-.07913705,-.0789,-.0008,-.0235,.0001,-.0021
10002,30jun2010,,3.700000048,-.164785504,17639,-.164785504,-.05071659,-.0556,-.0212,-.0428,.0001,-.0297
10002,30jul2010,,3.069999933,-.170270294,17639,-.170270294,.07029266,.0693,.0027,.0009,.0001,.019
10002,31aug2010,,3.099999905,.009771978,17639,.009771978,-.04281335,-.0477,-.0302,-.014,.0001,-.0013
10002,30sep2010,,3.049999952,-.016129017,17639,-.016129017,.09151714,.0954,.0386,-.0285,.0001,.0135
10002,29oct2010,,2.880000114,-.055737652,17639,-.055737652,.03853123,.0388,.0105,-.0222,.0001,.0159
10002,30nov2010,,2.50999999,-.128472254,17640,-.128472254,.00510683,.006,.0367,-.0059,.0001,.0251
10002,31dec2010,,2.670000076,.063745052,17639,.063745052,.06714986,.0682,.0078,.0336,.0001,-.0319
10002,31jan2011,,2.779999971,.041198462,17639,.041198462,.01915669,.0199,-.0244,.007,.0001,-.0023
10002,28feb2011,,2.640000105,-.050359666,17639,-.050359666,.03816457,.0349,.0156,.0172,.0001,.0205
10002,31mar2011,,2.460000038,-.068181843,17936,-.068181843,.00336602,.0045,.027,-.0116,.0001,.0359
10002,29apr2011,,2.5,.016260147,17980,.016260147,.02868829,.029,-.0036,-.0217,0,.0008
10002,31may2011,,2.440000057,-.023999978,17983,-.023999978,-.0149349,-.0127,-.0064,-.0207,0,-.0061
10002,30jun2011,,2.569999933,.053278636,17952,.053278636,-.01839535,-.0175,-.0012,-.0023,0,.0176
10002,29jul2011,,2.369999886,-.077821031,17952,-.077821031,-.02246944,-.0236,-.0143,-.0114,0,.0004
10002,31aug2011,,2.299999952,-.029535837,17980,-.029535837,-.05747192,-.0599,-.033,-.0157,.0001,-.0035
10002,30sep2011,,2.299999952,0,17954,0,-.08487275,-.0759,-.0372,-.0099,0,-.0255
10002,31oct2011,,1.563599944,-.320173919,17954,-.320173919,.1139823,.1135,.0359,-.0092,0,-.0141
10002,30nov2011,,1.730000019,.106421128,17979,.106421128,-.00622606,-.0028,-.0026,-.0016,0,.0397
10002,30dec2011,,1.24000001,-.28323701,17968,-.28323701,.00370215,.0074,-.0057,.0154,0,.0188
10002,31jan2012,,1.279999971,.032258034,17968,.032258034,.05407667,.0505,.0253,-.0216,0,-.0794
10002,29feb2012,,1.299999952,.015624985,17968,.015624985,.04118592,.0442,-.0164,.0004,0,-.0039
10002,30mar2012,,1.450000048,.11538469,17954,.11538469,.02399392,.0311,-.0024,-.0006,0,.0145
10002,30apr2012,,2.079999924,.434482664,17968,.434482664,-.00680079,-.0085,-.0062,-.0017,0,.0381
10002,31may2012,,2.940000057,.413461626,17968,.413461626,-.06553065,-.0619,-.0012,.0011,.0001,.0664
10002,29jun2012,,2.99000001,.017006787,17960,.017006787,.03815562,.0389,.0082,.0048,0,-.0116
10002,31jul2012,,2.960000038,-.010033435,17960,-.010033435,.01026622,.0079,-.026,.0002,0,.0306
10002,31aug2012,,2.900000095,-.020270251,17967,-.020270251,.02626482,.0255,.0071,.0055,.0001,-.0246
10002,28sep2012,,2.980000019,.027586179,17961,.027586179,.02653885,.0273,.0049,.0157,.0001,-.0102
10002,31oct2012,,2.849999905,-.0436242,17961,-.0436242,-.01410066,-.0176,-.0107,.0414,.0001,.001
10002,30nov2012,,2.749900103,-.035122737,17966,-.035122737,.00619259,.0078,.0067,-.011,.0001,.0033
10002,31dec2012,,2.779999971,.010945804,17966,.010945804,.01253085,.0118,.0162,.0325,.0001,-.0296
10002,31jan2013,,2.880000114,.035971276,17966,.035971276,.05409347,.0557,.0047,.0131,0,-.0191
10002,28feb2013,,,,17966,,.00833144,.0129,-.0039,.0029,0,.0147
10003,31jan1986,,22,,1900,,.00982942,.0065,.012,.0053,.0056,.0296
10003,28feb1986,,22.25,.011363637,1900,.011363637,.07250004,.0713,-.0064,-.0088,.0053,.0277
10003,31mar1986,,22,-.011235955,1900,-.011235955,.05388493,.0488,-.0051,-.0051,.006,.0245
10003,30apr1986,,20.625,-.0625,1900,-.0625,-.00789997,-.0131,.0283,-.029,.0052,-.005
10003,30may1986,,20.5,-.006060606,2185,-.006060606,.05084357,.0462,-.0131,-.0012,.0049,.0202
10003,30jun1986,,21.75,.060975611,2185,.060975611,.01424553,.0103,-.0093,.0139,.0052,.0514
10003,31jul1986,,19.25,-.114942528,2185,-.114942528,-.05970048,-.0645,-.0337,.0476,.0052,.018
10003,29aug1986,,19.5,.012987013,2185,.012987013,.06618101,.0607,-.0417,.0352,.0046,-.0502
10003,30sep1986,,18.375,-.057692308,2185,-.057692308,-.07902107,-.086,.0228,.032,.0045,-.0586
10003,31oct1986,,20.75,.129251704,2185,.129251704,.04930313,.0466,-.0256,-.0144,.0046,.027
10003,28nov1986,,20.25,-.024096385,2185,-.024096385,.01509289,.0117,-.0198,-.0009,.0039,-.0033
10003,31dec1986,,19.25,-.049382716,2185,-.049382716,-.02638821,-.0327,.0008,.0031,.0049,.004
10003,30jan1987,,21.75,.129870132,2185,.129870132,.1284963,.1247,-.0179,-.0321,.0042,.0208
10003,27feb1987,,22,.011494253,2185,.011494253,.04791798,.0439,.0346,-.0596,.0043,-.0217
10003,31mar1987,,22,0,2185,0,.02366442,.0164,.004,.0159,.0047,.016
10003,30apr1987,,20.875,-.051136363,2185,-.051136363,-.01700054,-.0211,-.017,-.0032,.0044,.0025
10003,29may1987,,18.25,-.1257485,2191,-.1257485,.00512465,.0011,-.0055,.0016,.0038,-.0068
10003,30jun1987,,17.75,-.02739726,2191,-.02739726,.04366169,.0394,-.0217,.0106,.0048,-.002
10003,31jul1987,,16.875,-.049295776,2191,-.049295776,.04424779,.0385,-.0063,.0071,.0046,.0268
10003,31aug1987,,17.875,.065185182,2191,.059259258,.03714636,.0352,-.0075,-.0091,.0047,-.0089
10003,30sep1987,,17.125,-.041958041,2191,-.041958041,-.02077383,-.0259,.0054,.0028,.0045,.0072
10003,30oct1987,,13.25,-.226277366,2191,-.226277366,-.225363,-.2324,-.084,.042,.006,-.0787
10003,30nov1987,,14.5,.113207549,2194,.094339624,-.07227264,-.0777,.0264,.0323,.0035,-.0113
10003,31dec1987,,14,-.034482758,2194,-.034482758,.07032661,.0681,.0015,-.0443,.0039,.0581
10003,29jan1988,,18.75,.339285702,2194,.339285702,.04488041,.0421,-.0069,.0516,.0029,-.0763
10003,29feb1988,,19,.026666667,2194,.013333334,.05169475,.0475,.0335,-.0164,.0046,-.0154
10003,31mar1988,,19.5,.02631579,2194,.02631579,-.01659759,-.0227,.0615,.0074,.0044,.0064
10003,29apr1988,,17.75,-.089743592,2194,-.089743592,.01099083,.0056,.0096,.017,.0046,.0228
10003,31may1988,,18.625,.063380279,2194,.049295776,.00044779,-.0029,-.0265,.0228,.0051,.0065
10003,30jun1988,,21,.127516776,2194,.127516776,.05145973,.0479,.021,-.0112,.0049,-.0292
10003,29jul1988,,22.25,.05952381,2194,.05952381,-.00727196,-.0125,-.0019,.0226,.0051,.0064
10003,31aug1988,,20.75,-.056179777,2194,-.067415729,-.02800588,-.0331,.0009,.0208,.0059,.0033
10003,30sep1988,,18.5,-.108433738,2194,-.108433738,.03720234,.033,-.0127,-.0067,.0062,.0024
10003,31oct1988,,19,.027027028,2194,.027027028,.01763662,.0115,-.029,.0167,.0061,.0131
10003,30nov1988,,18.75,0,2194,-.013157895,-.01641204,-.0229,-.0172,.0127,.0057,.0042
10003,30dec1988,,19,.013333334,2194,.013333334,.02107465,.0149,.0194,-.0154,.0063,.0042
10003,31jan1989,,18.25,-.039473683,2194,-.039473683,.06610259,.061,-.0213,.0053,.0055,-.0014
10003,28feb1989,,17,-.05479452,2194,-.06849315,-.01644639,-.0225,.0277,.0086,.0061,.0093
10003,31mar1989,,18.25,.073529415,2194,.073529415,.02146523,.0157,.0073,.0048,.0067,.0356
10003,28apr1989,,17.25,-.05479452,2194,-.05479452,.04820446,.0433,-.006,-.0145,.0067,.017
10003,31may1989,,19.125,.123188406,2194,.108695649,.03933809,.0335,-.0004,-.0084,.0079,.0155
10003,30jun1989,,15.5,-.189542487,2194,-.189542487,-.00486614,-.0135,-.0101,.0217,.0071,.0066
10003,31jul1989,,16,.032258064,2194,.032258064,.07713073,.072,-.0402,-.0281,.007,.054
10003,31aug1989,,17.75,.126562506,2194,.109375,.0221267,.0144,.0053,.0065,.0074,-.0014
10003,29sep1989,,16.5,-.070422538,2194,-.070422538,-.00147436,-.0076,.003,-.0134,.0065,.0339
10003,31oct1989,,13.25,-.196969703,2194,-.196969703,-.02928132,-.0367,-.0326,-.0109,.0068,.0137
10003,30nov1989,,11.5,-.132075474,2194,-.132075474,.0178154,.0103,-.0122,-.0108,.0069,.0257
10003,29dec1989,,8.5,-.260869563,2194,-.260869563,.01829512,.0116,-.0238,.0024,.0061,.0278
10003,31jan1990,,7.75,-.088235296,2194,-.088235296,-.07011517,-.0785,-.013,.0089,.0057,-.0332
10003,28feb1990,,9.75,.258064508,2194,.258064508,.01490096,.0111,.0105,.0063,.0057,-.0052
10003,30mar1990,,8,-.179487184,2194,-.179487184,.02414006,.0183,.0148,-.0286,.0064,.0166
10003,30apr1990,,7,-.125,2194,-.125,-.02828588,-.0336,-.005,-.0258,.0069,.0246
10003,31may1990,,7,0,2194,0,.0889361,.0842,-.0256,-.0374,.0068,.0305
10003,29jun1990,,5.75,-.178571433,2194,-.178571433,-.00419626,-.0109,.0145,-.0201,.0063,.0242
10003,31jul1990,,5,-.130434781,2194,-.130434781,-.00940477,-.019,-.032,-.0001,.0068,.0593
10003,31aug1990,,6.125,.224999994,2194,.224999994,-.09189577,-.1014,-.0359,.016,.0066,.018
10003,28sep1990,,3.875,-.367346942,2194,-.367346942,-.05384322,-.0612,-.0367,.0074,.006,.0552
10003,31oct1990,,4,.032258064,2194,.032258064,-.01250398,-.0192,-.0554,.0025,.0068,.0673
10003,30nov1990,,3.25,-.1875,2194,-.1875,.06574359,.0635,.0033,-.0307,.0057,-.0561
10003,31dec1990,,2.5,-.230769232,2194,-.230769232,.02951265,.0246,.0082,-.0155,.006,.0015
10003,31jan1991,,2.625,.050000001,2194,.050000001,.04907785,.0469,.038,-.0184,.0052,-.0652
10003,28feb1991,,3,.142857149,2194,.142857149,.07584678,.0719,.0391,-.006,.0048,-.0482
10003,28mar1991,,2.875,-.041666668,2194,-.041666668,.02892273,.0265,.039,-.012,.0044,.0281
10003,30apr1991,,2.875,0,2194,0,.00332213,-.0028,.0051,.014,.0053,-.0239
10003,31may1991,,3.625,.260869563,2194,.260869563,.04073162,.0364,-.0034,-.0055,.0047,-.0011
10003,28jun1991,,2.5,-.310344815,2194,-.310344815,-.04402925,-.0494,.0006,.0119,.0042,.0046
10003,31jul1991,,3,.200000003,2194,.200000003,.04679512,.0424,-.0094,-.0129,.0049,.0432
10003,30aug1991,,2.875,-.041666668,2194,-.041666668,.02681936,.0232,.016,-.008,.0046,.016
10003,30sep1991,,2.75,-.043478262,2194,-.043478262,-.01097486,-.0159,.0163,-.01,.0046,.0173
10003,31oct1991,,2,-.272727281,2194,-.272727281,.01778866,.0128,.0089,-.0048,.0042,.0319
10003,29nov1991,,1.625,-.1875,2194,-.1875,-.03727527,-.0419,-.0048,-.0192,.0039,.0126
10003,31dec1991,,1.1875,-.269230783,2194,-.269230783,.1067783,.1083,-.0225,-.0404,.0038,.0829
10003,31jan1992,,3.25,1.73684216,2194,1.73684216,-.00118234,-.0059,.0846,.0453,.0034,-.0247
10003,28feb1992,,2.75,-.15384616,2194,-.15384616,.01335434,.0109,.0088,.0638,.0028,-.0061
10003,31mar1992,,3.125,.13636364,2194,.13636364,-.02369961,-.0265,-.0102,.0367,.0034,-.0035
10003,30apr1992,,2.9375,-.059999999,2194,-.059999999,.01341884,.0108,-.061,.0432,.0032,-.026
10003,29may1992,,3.25,.106382981,2194,.106382981,.00643855,.003,.0039,.0125,.0028,.001
10003,30jun1992,,2.6875,-.173076928,2194,-.173076928,-.01928691,-.0234,-.031,.0339,.0032,-.006
10003,31jul1992,,2,-.255813956,2194,-.255813956,.03989998,.0377,-.0043,-.0053,.0031,.0143
10003,31aug1992,,2.125,.0625,2194,.0625,-.02081965,-.0238,-.0011,-.0105,.0026,-.0052
10003,30sep1992,,2.75,.294117659,2194,.294117659,.01244722,.0119,.0055,-.0024,.0026,.0144
10003,30oct1992,,2,-.272727281,2194,-.272727281,.01098552,.0102,.0205,-.0209,.0023,.0273
10003,30nov1992,,2.75,.375,2194,.375,.04019304,.0413,.037,-.0147,.0023,-.0034
10003,31dec1992,,3.875,.409090906,2194,.409090906,.01776835,.0153,.0165,.0252,.0028,.0447
10003,29jan1993,,4.75,.225806445,2194,.225806445,.01264339,.0093,.0205,.0589,.0023,.0482
10003,26feb1993,,4.375,-.078947365,2194,-.078947365,.00540228,.0013,-.0343,.0645,.0022,.0313
10003,31mar1993,,4.25,-.028571429,2194,-.028571429,.0251157,.023,.0025,.0127,.0025,.0374
10003,30apr1993,,3.5,-.176470593,2194,-.176470593,-.02540042,-.0305,-.0068,.0264,.0024,.0034
10003,28may1993,,3.25,-.071428575,5028,-.071428575,.02959811,.0288,.0196,-.0342,.0022,.0029
10003,30jun1993,,3.1875,-.01923077,5028,-.01923077,.00544002,.0031,-.003,.0262,.0025,.0459
10003,30jul1993,,3.5,.098039217,5028,.098039217,-.00079493,-.0034,.0095,.0326,.0024,.0324
10003,31aug1993,,3.5,0,5028,0,.03947853,.0372,.0032,-.0044,.0025,.0258
10003,30sep1993,,3.625,.035714287,5028,.035714287,.00064068,-.0012,.0312,-.0048,.0026,.034
10003,29oct1993,,3,-.172413796,5028,-.172413796,.01806427,.0141,.0144,-.0156,.0022,-.0267
10003,30nov1993,,2.75,-.083333336,5028,-.083333336,-.01760636,-.0189,-.0143,-.0026,.0025,-.0471
10003,31dec1993,,2.5625,-.06818182,5028,-.06818182,.01951273,.0165,.0122,.0058,.0023,.0229
10003,31jan1994,,2.75,.073170729,5028,.073170729,.03146612,.0287,.0013,.0209,.0025,.0001
10003,28feb1994,,2.5,-.090909094,5028,-.090909094,-.02422384,-.0256,.0272,-.0141,.0021,-.0026
10003,31mar1994,,2.625,.050000001,5028,.050000001,-.04579477,-.0478,-.0097,.0133,.0027,-.0132
10003,29apr1994,,2.625,0,5028,0,.00947768,.0068,-.0092,.0168,.0027,.0041
10003,31may1994,,3.125,.190476194,5032,.190476194,.00936021,.0058,-.0202,.0017,.0031,-.0216
10003,30jun1994,,2.8125,-.100000001,5032,-.100000001,-.02790869,-.0303,-.0048,.0168,.0031,-.0083
10003,29jul1994,,2.875,.022222223,5032,.022222223,.03063324,.0282,-.0177,.0097,.0028,.0019
10003,31aug1994,,2.625,-.086956523,5034,-.086956523,.04259737,.0401,.0144,-.0345,.0037,.0154
10003,30sep1994,,2.375,-.095238097,5034,-.095238097,-.01836315,-.0231,.0267,-.0181,.0037,.0131
10003,31oct1994,,2.75,.157894731,5034,.157894731,.01451999,.0134,-.022,-.0236,.0038,.0145
10003,30nov1994,,2.5,-.090909094,5037,-.090909094,-.03721879,-.0404,-.0017,-.0005,.0037,-.0019
10003,30dec1994,,2.25,-.100000001,5038,-.100000001,.01260929,.0086,.0005,.0027,.0044,.035
10003,31jan1995,,2.125,-.055555556,5038,-.055555556,.02039867,.018,-.0295,.0164,.0042,-.0183
10003,28feb1995,,2.1875,.029411765,5038,.029411765,.03961472,.0363,-.0033,.0038,.004,-.0034
10003,31mar1995,,2,-.085714288,5040,-.085714288,.02704092,.0218,-.0038,-.0205,.0046,.0036
10003,28apr1995,,3,.5,5040,.5,.02504808,.0211,-.0042,.017,.0044,.0182
10003,31may1995,,2.625,-.125,5040,-.125,.03400705,.029,-.0225,.0192,.0054,-.0044
10003,30jun1995,,4,.523809552,5042,.523809552,.03117293,.0272,.0306,-.0299,.0047,.0289
10003,31jul1995,,4.625,.15625,5042,.15625,.04078258,.0372,.0223,-.0224,.0045,.0255
10003,31aug1995,,5,.081081077,5042,.081081077,.00930454,.0055,.0183,.0193,.0047,.0009
10003,29sep1995,,5.375,.075000003,5043,.075000003,.03636223,.0335,-.0207,-.0095,.0043,.0272
10003,31oct1995,,5.125,-.046511628,5043,-.046511628,-.01131678,-.0152,-.0395,-.0009,.0047,.0414
10003,30nov1995,,5.375,.048780486,5043,.048780486,.04270792,.0395,-.0083,.0034,.0042,-.0062
10003,29dec1995,,,,5043,,.01519028,.0103,.0037,.0141,.0049,.0257
10005,31jan1986,,.375,,4655,,.00982942,.0065,.012,.0053,.0056,.0296
10005,28feb1986,,.25,-.333333343,4655,-.333333343,.07250004,.0713,-.0064,-.0088,.0053,.0277
10005,31mar1986,,.28125,.125,4655,.125,.05388493,.0488,-.0051,-.0051,.006,.0245
10005,30apr1986,,.296875,.055555556,4655,.055555556,-.00789997,-.0131,.0283,-.029,.0052,-.005
10005,30may1986,,.296875,0,4655,0,.05084357,.0462,-.0131,-.0012,.0049,.0202
10005,30jun1986,,.140625,-.526315808,4626,-.526315808,.01424553,.0103,-.0093,.0139,.0052,.0514
10005,31jul1986,,.0625,-.555555582,4626,-.555555582,-.05970048,-.0645,-.0337,.0476,.0052,.018
10005,29aug1986,,.078125,.25,4626,.25,.06618101,.0607,-.0417,.0352,.0046,-.0502
10005,30sep1986,,.109375,.400000006,4626,.400000006,-.07902107,-.086,.0228,.032,.0045,-.0586
10005,31oct1986,,.109375,0,4626,0,.04930313,.0466,-.0256,-.0144,.0046,.027
10005,28nov1986,,.09375,-.142857149,4626,-.142857149,.01509289,.0117,-.0198,-.0009,.0039,-.0033
10005,31dec1986,,.09375,0,4626,0,-.02638821,-.0327,.0008,.0031,.0049,.004
10005,30jan1987,,.15625,.666666687,4626,.666666687,.1284963,.1247,-.0179,-.0321,.0042,.0208
10005,27feb1987,,.171875,.100000001,4626,.100000001,.04791798,.0439,.0346,-.0596,.0043,-.0217
10005,31mar1987,,.171875,0,4626,0,.02366442,.0164,.004,.0159,.0047,.016
10005,30apr1987,,.171875,0,4626,0,-.01700054,-.0211,-.017,-.0032,.0044,.0025
10005,29may1987,,.25,.454545468,4626,.454545468,.00512465,.0011,-.0055,.0016,.0038,-.0068
10005,30jun1987,,.21875,-.125,4626,-.125,.04366169,.0394,-.0217,.0106,.0048,-.002
10005,31jul1987,,.375,.714285731,4626,.714285731,.04424779,.0385,-.0063,.0071,.0046,.0268
10005,31aug1987,,.234375,-.375,4626,-.375,.03714636,.0352,-.0075,-.0091,.0047,-.0089
10005,30sep1987,,.171875,-.266666681,8376,-.266666681,-.02077383,-.0259,.0054,.0028,.0045,.0072
10005,30oct1987,,.140625,-.181818187,8376,-.181818187,-.225363,-.2324,-.084,.042,.006,-.0787
10005,30nov1987,,.140625,0,8376,0,-.07227264,-.0777,.0264,.0323,.0035,-.0113
10005,31dec1987,,.140625,0,8376,0,.07032661,.0681,.0015,-.0443,.0039,.0581
10005,29jan1988,,.15625,.111111112,8376,.111111112,.04488041,.0421,-.0069,.0516,.0029,-.0763
10005,29feb1988,,.15625,0,8376,0,.05169475,.0475,.0335,-.0164,.0046,-.0154
10005,31mar1988,,.15625,0,8376,0,-.01659759,-.0227,.0615,.0074,.0044,.0064
10005,29apr1988,,.125,-.200000003,8376,-.200000003,.01099083,.0056,.0096,.017,.0046,.0228
10005,31may1988,,.109375,-.125,8376,-.125,.00044779,-.0029,-.0265,.0228,.0051,.0065
10005,30jun1988,,.109375,0,8376,0,.05145973,.0479,.021,-.0112,.0049,-.0292
10005,29jul1988,,.140625,.285714298,8376,.285714298,-.00727196,-.0125,-.0019,.0226,.0051,.0064
10005,31aug1988,,.140625,0,8376,0,-.02800588,-.0331,.0009,.0208,.0059,.0033
10005,30sep1988,,.09375,-.333333343,8376,-.333333343,.03720234,.033,-.0127,-.0067,.0062,.0024
10005,31oct1988,,.09375,0,8376,0,.01763662,.0115,-.029,.0167,.0061,.0131
10005,30nov1988,,.09375,0,8376,0,-.01641204,-.0229,-.0172,.0127,.0057,.0042
10005,30dec1988,,.09375,0,8376,0,.02107465,.0149,.0194,-.0154,.0063,.0042
10005,31jan1989,,.09375,0,8376,0,.06610259,.061,-.0213,.0053,.0055,-.0014
10005,28feb1989,,.09375,0,8376,0,-.01644639,-.0225,.0277,.0086,.0061,.0093
10005,31mar1989,,.09375,0,8376,0,.02146523,.0157,.0073,.0048,.0067,.0356
10005,28apr1989,,.078125,-.166666672,8376,-.166666672,.04820446,.0433,-.006,-.0145,.0067,.017
10005,31may1989,,.078125,0,8376,0,.03933809,.0335,-.0004,-.0084,.0079,.0155
10005,30jun1989,,.078125,0,8376,0,-.00486614,-.0135,-.0101,.0217,.0071,.0066
10005,31jul1989,,.078125,0,8376,0,.07713073,.072,-.0402,-.0281,.007,.054
10005,31aug1989,,.0625,-.200000003,8376,-.200000003,.0221267,.0144,.0053,.0065,.0074,-.0014
10005,29sep1989,,.046875,-.25,8376,-.25,-.00147436,-.0076,.003,-.0134,.0065,.0339
10005,31oct1989,,.046875,0,8376,0,-.02928132,-.0367,-.0326,-.0109,.0068,.0137
10005,30nov1989,,.0625,.333333343,8376,.333333343,.0178154,.0103,-.0122,-.0108,.0069,.0257
10005,29dec1989,,.0625,0,8376,0,.01829512,.0116,-.0238,.0024,.0061,.0278
10005,31jan1990,,.0625,0,8376,0,-.07011517,-.0785,-.013,.0089,.0057,-.0332
10005,28feb1990,,.046875,-.25,8376,-.25,.01490096,.0111,.0105,.0063,.0057,-.0052
10005,30mar1990,,.046875,0,8376,0,.02414006,.0183,.0148,-.0286,.0064,.0166
10005,30apr1990,,.046875,0,8376,0,-.02828588,-.0336,-.005,-.0258,.0069,.0246
10005,31may1990,,.046875,0,8376,0,.0889361,.0842,-.0256,-.0374,.0068,.0305
10005,29jun1990,,.046875,0,8376,0,-.00419626,-.0109,.0145,-.0201,.0063,.0242
10005,31jul1990,,.046875,0,8376,0,-.00940477,-.019,-.032,-.0001,.0068,.0593
10005,31aug1990,,.046875,0,8376,0,-.09189577,-.1014,-.0359,.016,.0066,.018
10005,28sep1990,,.078125,.666666687,8376,.666666687,-.05384322,-.0612,-.0367,.0074,.006,.0552
10005,31oct1990,,.046875,-.400000006,8376,-.400000006,-.01250398,-.0192,-.0554,.0025,.0068,.0673
10005,30nov1990,,.046875,0,8376,0,.06574359,.0635,.0033,-.0307,.0057,-.0561
10005,31dec1990,,.046875,0,8347,0,.02951265,.0246,.0082,-.0155,.006,.0015
10005,31jan1991,,.078125,.666666687,8347,.666666687,.04907785,.0469,.038,-.0184,.0052,-.0652
10005,28feb1991,,.078125,0,8347,0,.07584678,.0719,.0391,-.006,.0048,-.0482
10005,28mar1991,,.078125,0,8376,0,.02892273,.0265,.039,-.012,.0044,.0281
10005,30apr1991,,.078125,0,8376,0,.00332213,-.0028,.0051,.014,.0053,-.0239
10005,31may1991,,.078125,0,8376,0,.04073162,.0364,-.0034,-.0055,.0047,-.0011
10005,28jun1991,,.125,.600000024,8376,.600000024,-.04402925,-.0494,.0006,.0119,.0042,.0046
10005,31jul1991,,,,8376,,.04679512,.0424,-.0094,-.0129,.0049,.0432
10006,31jan1980,,41.5,.211678833,8859,.211678833,.06560687,.0551,.0165,.0182,.008,.075
10006,29feb1980,,38.5,-.058795184,8859,-.072289154,.00101462,-.0122,-.0181,.0061,.0089,.0786
10006,31mar1980,,31.875,-.172077924,8859,-.172077924,-.1202241,-.129,-.0664,-.0106,.0121,-.0958
10006,30apr1980,,31,-.027450981,8859,-.027450981,.05228758,.0397,.0097,.0106,.0126,-.0042
10006,30may1980,,33,.084677421,8859,.064516127,.06009007,.0526,.0216,.004,.0081,-.0112
10006,30jun1980,,32.75,-.007575758,8889,-.007575758,.03771415,.0306,.0167,-.009,.0061,.0159
10006,31jul1980,,35.75,.091603056,8889,.091603056,.0694382,.0649,.0424,-.0635,.0053,.0037
10006,29aug1980,,37.25,.059440561,8889,.041958041,.02355319,.018,.039,-.0265,.0064,.032
10006,30sep1980,,42.625,.144295305,8922,.144295305,.02949796,.0219,.0086,-.0474,.0075,.0543
10006,31oct1980,,42.625,0,8922,0,.02009261,.0106,.0249,-.0277,.0095,.0733
10006,28nov1980,,47.75,.120234601,8922,.120234601,.1049512,.0959,-.0348,-.0845,.0096,.1524
10006,31dec1980,,46,-.023560209,9009,-.036649216,-.03440924,-.0452,-.0028,.0269,.0131,-.0663
10006,30jan1981,,51,.108695649,9009,.108695649,-.04008532,-.0504,.03,.0682,.0104,-.0794
10006,27feb1981,,49.875,-.022058824,9009,-.022058824,.01552137,.0056,-.003,.0102,.0107,-.0139
10006,31mar1981,,49,-.005012531,9009,-.01754386,.04618355,.0356,.0358,.007,.0121,.0074
10006,30apr1981,,45.75,-.066326529,9009,-.066326529,-.01126769,-.021,.0443,.0229,.0108,-.0096
10006,29may1981,,48.125,.066994533,9009,.051912569,.01355075,.0011,.0201,-.0041,.0115,.0375
10006,30jun1981,,44.5,-.075324677,9068,-.075324677,-.01024238,-.0236,-.0084,.0509,.0135,-.0591
10006,31jul1981,,42.75,-.039325844,9068,-.039325844,-.0030797,-.0154,-.0217,-.006,.0124,-.0252
10006,31aug1981,,40.875,-.027719298,9068,-.043859649,-.05627899,-.0703,-.0195,.0483,.0128,-.0112
10006,30sep1981,,35.875,-.122324161,9100,-.122324161,-.0637724,-.0717,-.0266,.0517,.0124,.0198
10006,30oct1981,,36.75,.024390243,9100,.024390243,.06016173,.0492,.0216,-.0419,.0121,.0408
10006,30nov1981,,38.5,.06639456,9100,.047619049,.04584871,.0336,-.0096,.019,.0107,-.0026
10006,31dec1981,,40.875,.061688311,9156,.061688311,-.02809612,-.0365,.0119,.0075,.0087,.0131
10006,29jan1982,,37,-.094801225,9156,-.094801225,-.02620935,-.0324,-.0128,.0312,.008,.0171
10006,26feb1982,,37,0,9156,0,-.05112619,-.0586,.0045,.0604,.0092,.05
10006,31mar1982,,34,-.062432431,9156,-.081081077,-.01009922,-.0187,-.0018,.0382,.0098,.0293
10006,30apr1982,,36.5,.073529415,9156,.073529415,.04326658,.0327,.0151,-.028,.0113,-.0041
10006,28may1982,,33.25,-.070136987,9156,-.089041099,-.02821212,-.0399,.0046,.0183,.0106,.0255
10006,30jun1982,,30.875,-.071428575,9208,-.071428575,-.02391208,-.0309,-.0039,.0154,.0096,.0499
10006,30jul1982,,28.5,-.07692308,9208,-.07692308,-.02052648,-.0319,.0086,.002,.0105,.0447
10006,31aug1982,,30.875,.107543856,9208,.083333336,.1190134,.1114,-.0411,.0116,.0076,-.0352
10006,30sep1982,,32.125,.040485829,7877,.040485829,.0167605,.0129,.0289,.0034,.0051,.0416
10006,29oct1982,,31,-.035019454,7877,-.035019454,.1186357,.113,.0236,-.0369,.0059,.0003
10006,30nov1982,,31.75,.046451613,7889,.024193548,.05193459,.0467,.0479,-.0192,.0063,.059
10006,31dec1982,,32.75,.031496063,8217,.031496063,.01451601,.0055,-.0018,.0002,.0067,.0002
10006,31jan1983,,33.625,.026717557,8217,.026717557,.04185019,.036,.027,-.0086,.0069,-.017
10006,28feb1983,,31.625,-.038959108,8217,-.059479553,.03021874,.0259,.0324,.0068,.0062,.0382
10006,31mar1983,,31.875,.007905139,8217,.007905139,.0346729,.0282,.0177,.0207,.0063,.0093
10006,29apr1983,,34,.06666667,8217,.06666667,.0741879,.0667,.0052,.0058,.0071,.0181
10006,31may1983,,33.375,-.008088236,8275,-.018382354,.01322562,.0052,.0615,-.014,.0069,-.0158
10006,30jun1983,,34.5,.033707865,8275,.033707865,.03783816,.0307,.0091,-.0389,.0067,.0178
10006,29jul1983,,34,-.014492754,8275,-.014492754,-.03156697,-.0407,.0148,.0558,.0074,-.0312
10006,31aug1983,,31.75,-.055882353,8275,-.066176474,.00346336,-.005,-.0429,.0554,.0076,-.0544
10006,30sep1983,,50,.574803174,8319,.574803174,.01605885,.0092,.0056,.0106,.0076,-.0011
10006,31oct1983,,48.75,-.025,8319,-.025,-.02804895,-.0344,-.036,.05,.0076,-.0456
10006,30nov1983,,51,.053333335,8362,.046153847,.02955588,.0216,.0205,-.0065,.007,-.0008
10006,30dec1983,,50,-.019607844,8385,-.019607844,-.01046447,-.0178,-.0028,.0168,.0073,.0077
10006,31jan1984,,45.625,-.087499999,8385,-.087499999,-.01302285,-.0192,-.0042,.076,.0076,-.0249
10006,29feb1984,,47.75,.054246575,8385,.046575341,-.03907314,-.0482,-.0168,.0331,.0071,.0019
10006,30mar1984,,51,.068062827,8385,.068062827,.01338927,.0063,.0008,.0049,.0073,.011
10006,30apr1984,,52.625,.031862747,8385,.031862747,.00253373,-.0052,-.0119,.0124,.0081,.0205
10006,31may1984,,52.625,0,8385,0,-.05234207,-.0597,.0004,.0023,.0078,.0153
10006,29jun1984,,,,8405,,.02338531,.0182,-.0028,-.0263,.0075,-.007
10007,31jan1986,,4.75,,12892,,.00982942,.0065,.012,.0053,.0056,.0296
10007,28feb1986,,3.8125,-.197368428,12892,-.197368428,.07250004,.0713,-.0064,-.0088,.0053,.0277
10007,31mar1986,,4.75,.245901644,12892,.245901644,.05388493,.0488,-.0051,-.0051,.006,.0245
10007,30apr1986,,5,.052631579,12892,.052631579,-.00789997,-.0131,.0283,-.029,.0052,-.005
10007,30may1986,,6.625,.324999988,12892,.324999988,.05084357,.0462,-.0131,-.0012,.0049,.0202
10007,30jun1986,,5.875,-.113207549,12892,-.113207549,.01424553,.0103,-.0093,.0139,.0052,.0514
10007,31jul1986,,4.5625,-.223404258,12892,-.223404258,-.05970048,-.0645,-.0337,.0476,.0052,.018
10007,29aug1986,,4.125,-.09589041,12892,-.09589041,.06618101,.0607,-.0417,.0352,.0046,-.0502
10007,30sep1986,,2.9375,-.287878782,12892,-.287878782,-.07902107,-.086,.0228,.032,.0045,-.0586
10007,31oct1986,,2,-.319148928,12892,-.319148928,.04930313,.0466,-.0256,-.0144,.0046,.027
10007,28nov1986,,2,0,12892,0,.01509289,.0117,-.0198,-.0009,.0039,-.0033
10007,31dec1986,,1.75,-.125,13380,-.125,-.02638821,-.0327,.0008,.0031,.0049,.004
10007,30jan1987,,2.3125,.321428567,13380,.321428567,.1284963,.1247,-.0179,-.0321,.0042,.0208
10007,27feb1987,,2.25,-.027027028,13380,-.027027028,.04791798,.0439,.0346,-.0596,.0043,-.0217
10007,31mar1987,,2.3125,.027777778,8254,.027777778,.02366442,.0164,.004,.0159,.0047,.016
10007,30apr1987,,3,.297297299,8254,.297297299,-.01700054,-.0211,-.017,-.0032,.0044,.0025
10007,29may1987,,2.625,-.125,8254,-.125,.00512465,.0011,-.0055,.0016,.0038,-.0068
10007,30jun1987,,8.125,-.226190478,2064,-.226190478,.04366169,.0394,-.0217,.0106,.0048,-.002
10007,31jul1987,,7.875,-.030769231,2064,-.030769231,.04424779,.0385,-.0063,.0071,.0046,.0268
10007,31aug1987,,3.9375,-.5,2064,-.5,.03714636,.0352,-.0075,-.0091,.0047,-.0089
10007,30sep1987,,4.75,.206349209,2064,.206349209,-.02077383,-.0259,.0054,.0028,.0045,.0072
10007,30oct1987,,2.25,-.526315808,2064,-.526315808,-.225363,-.2324,-.084,.042,.006,-.0787
10007,30nov1987,,1.4375,-.361111104,2064,-.361111104,-.07227264,-.0777,.0264,.0323,.0035,-.0113
10007,28feb1989,,2.125,,4380,,-.01644639,-.0225,.0277,.0086,.0061,.0093
10007,31mar1989,,1.8125,-.14705883,4380,-.14705883,.02146523,.0157,.0073,.0048,.0067,.0356
10007,28apr1989,,1.9375,.068965517,4380,.068965517,.04820446,.0433,-.006,-.0145,.0067,.017
10007,31may1989,,1.65625,-.145161286,4380,-.145161286,.03933809,.0335,-.0004,-.0084,.0079,.0155
10007,30jun1989,,1.34375,-.188679248,4085,-.188679248,-.00486614,-.0135,-.0101,.0217,.0071,.0066
10007,31jul1989,,1.25,-.069767445,4085,-.069767445,.07713073,.072,-.0402,-.0281,.007,.054
10007,31aug1989,,1.15625,-.075000003,4085,-.075000003,.0221267,.0144,.0053,.0065,.0074,-.0014
10007,29sep1989,,.9375,-.189189196,4090,-.189189196,-.00147436,-.0076,.003,-.0134,.0065,.0339
10007,31oct1989,,1.65625,.766666651,4090,.766666651,-.02928132,-.0367,-.0326,-.0109,.0068,.0137
10007,30nov1989,,4.71875,1.8490566,4090,1.8490566,.0178154,.0103,-.0122,-.0108,.0069,.0257
10007,29dec1989,,6.84375,.450331122,4120,.450331122,.01829512,.0116,-.0238,.0024,.0061,.0278
10007,31jan1990,,3.59375,-.474885851,4120,-.474885851,-.07011517,-.0785,-.013,.0089,.0057,-.0332
10007,28feb1990,,3.0625,-.14782609,4120,-.14782609,.01490096,.0111,.0105,.0063,.0057,-.0052
10007,30mar1990,,2.21875,-.275510192,4134,-.275510192,.02414006,.0183,.0148,-.0286,.0064,.0166
10007,30apr1990,,2.59375,.169014081,4134,.169014081,-.02828588,-.0336,-.005,-.0258,.0069,.0246
10007,31may1990,,2.1875,-.156626508,4134,-.156626508,.0889361,.0842,-.0256,-.0374,.0068,.0305
10007,29jun1990,,1.96875,-.100000001,4134,-.100000001,-.00419626,-.0109,.0145,-.0201,.0063,.0242
10007,31jul1990,,1.3125,-.333333343,4134,-.333333343,-.00940477,-.019,-.032,-.0001,.0068,.0593
10007,31aug1990,,.875,-.333333343,4134,-.333333343,-.09189577,-.1014,-.0359,.016,.0066,.018
10007,28sep1990,,.46875,-.464285702,4134,-.464285702,-.05384322,-.0612,-.0367,.0074,.006,.0552
10007,31oct1990,,,,4134,,-.01250398,-.0192,-.0554,.0025,.0068,.0673
10008,31jan1986,,14.625,,2945,,.00982942,.0065,.012,.0053,.0056,.0296
10008,28feb1986,,16.375,.11965812,2945,.11965812,.07250004,.0713,-.0064,-.0088,.0053,.0277
10008,31mar1986,,17.75,.083969466,2945,.083969466,.05388493,.0488,-.0051,-.0051,.006,.0245
10008,30apr1986,,18.25,.028169014,2945,.028169014,-.00789997,-.0131,.0283,-.029,.0052,-.005
10008,30may1986,,18,-.01369863,2945,-.01369863,.05084357,.0462,-.0131,-.0012,.0049,.0202
10008,30jun1986,,17.125,-.048611112,2945,-.048611112,.01424553,.0103,-.0093,.0139,.0052,.0514
10008,31jul1986,,14.5,-.153284669,2945,-.153284669,-.05970048,-.0645,-.0337,.0476,.0052,.018
10008,29aug1986,,13.625,-.060344826,2945,-.060344826,.06618101,.0607,-.0417,.0352,.0046,-.0502
10008,30sep1986,,11.5,-.155963302,2945,-.155963302,-.07902107,-.086,.0228,.032,.0045,-.0586
10008,31oct1986,,12.5,.086956523,2945,.086956523,.04930313,.0466,-.0256,-.0144,.0046,.027
10008,28nov1986,,13.75,.100000001,2945,.100000001,.01509289,.0117,-.0198,-.0009,.0039,-.0033
10008,31dec1986,,15,.090909094,2945,.090909094,-.02638821,-.0327,.0008,.0031,.0049,.004
10008,30jan1987,,15,0,2945,0,.1284963,.1247,-.0179,-.0321,.0042,.0208
10008,27feb1987,,15.75,.050000001,2945,.050000001,.04791798,.0439,.0346,-.0596,.0043,-.0217
10008,31mar1987,,17.375,.103174604,2945,.103174604,.02366442,.0164,.004,.0159,.0047,.016
10008,30apr1987,,16.5,-.050359711,2945,-.050359711,-.01700054,-.0211,-.017,-.0032,.0044,.0025
10008,29may1987,,15.5,-.060606062,2945,-.060606062,.00512465,.0011,-.0055,.0016,.0038,-.0068
10008,30jun1987,,15,-.032258064,2945,-.032258064,.04366169,.0394,-.0217,.0106,.0048,-.002
10008,31jul1987,,15,0,2945,0,.04424779,.0385,-.0063,.0071,.0046,.0268
10008,31aug1987,,18,.200000003,2945,.200000003,.03714636,.0352,-.0075,-.0091,.0047,-.0089
